comparison_id,study_id,comparison_type,modality_1,modality_2,version_1,version_2,n_readers,reader_1_specialty,reader_1_experience_yrs,reader_2_specialty,reader_2_experience_yrs,blinding,reading_session_type,n_cysts,n_categories,categories_used,collapsing_scheme,kappa_type,weight_scheme,kappa,kappa_se,ci_lower,ci_upper,observed_agreement,gwet_ac1,gwet_ac2,icc,icc_type,krippendorff_alpha,has_raw_table,exclude,metric_note,std_modality_1,std_modality_2,std_version_1,std_version_2,reader_structure,variation_axis,dep_id,sensitivity_flags,analytic_stratum,opes_rank,opes_include,opes_basis,opes_exclude_reason,exp_mean,specialty_group,blinding_reported,study_design_cat,region
C001,Abufaraj_2025,inter-reader,CT,,2005,,8,radiology residents,2nd to 4th year residents,,,yes,independent,40,5,"I, II, IIF, III, IV",,Fleiss,unweighted,0.354,,0.286,0.431,,,,,,,0,,,CT,,original,original,pooled,version;n_categories;n_readers,Abufaraj_2025_c1,,inter-reader,-0.4,,,lower_priority_version_within_study,2.0,mixed,blinded,retrospective,Asia
C002,Abufaraj_2025,inter-reader,CT,,2019,,8,radiology residents,2nd to 4th year residents,,,yes,independent,40,5,"I, II, IIF, III, IV",,Fleiss,unweighted,0.373,,0.292,0.487,,,,,,,0,,,CT,,v2019,v2019,pooled,version;n_categories;n_readers,Abufaraj_2025_c1,,inter-reader,-0.4,1,pooled_direct,,3,mixed,blinded,retrospective,Asia
C003,Abufaraj_2025,inter-reader,CT,,2005,,8,radiology residents,2nd to 4th year residents,,,yes,independent,40,2,"conservative (I/II/IIF), surgery (III/IV)",I+II+IIF vs III+IV,Fleiss,unweighted,0.655,,0.532,0.78,,,,,,,0,supplementary_collapsed,,CT,,original,original,pooled,version;n_categories;n_readers,Abufaraj_2025_c1,,inter-reader,-0.4,0,,duplicate_within_study,2.0,mixed,blinded,retrospective,Asia
C004,Abufaraj_2025,inter-reader,CT,,2019,,8,radiology residents,2nd to 4th year residents,,,yes,independent,40,2,"conservative (I/II/IIF), surgery (III/IV)",I+II+IIF vs III+IV,Fleiss,unweighted,0.626,,0.49,0.77,,,,,,,0,supplementary_collapsed,,CT,,v2019,v2019,pooled,version;n_categories;n_readers,Abufaraj_2025_c1,,inter-reader,-0.4,0,,duplicate_within_study,2.0,mixed,blinded,retrospective,Asia
C005,Abufaraj_2025,inter-reader,CT,,2005,,8,radiology residents,2nd to 4th year residents,,,yes,independent,40,3,"no follow-up (I/II), follow-up (IIF), surgery (III/IV)",I+II vs IIF vs III+IV,Fleiss,unweighted,0.469,,0.36,0.591,,,,,,,0,supplementary_collapsed,,CT,,original,original,pooled,version;n_categories;n_readers,Abufaraj_2025_c1,,inter-reader,-0.4,0,,duplicate_within_study,2.0,mixed,blinded,retrospective,Asia
C006,Abufaraj_2025,inter-reader,CT,,2019,,8,radiology residents,2nd to 4th year residents,,,yes,independent,40,3,"no follow-up (I/II), follow-up (IIF), surgery (III/IV)",I+II vs IIF vs III+IV,Fleiss,unweighted,0.474,,0.352,0.592,,,,,,,0,supplementary_collapsed,,CT,,v2019,v2019,pooled,version;n_categories;n_readers,Abufaraj_2025_c1,,inter-reader,-0.4,0,,duplicate_within_study,2.0,mixed,blinded,retrospective,Asia
C007,Abufaraj_2025,inter-reader,CT,,2005,,6,radiology residents (3rd and 4th year),3rd to 4th year residents,,,yes,independent,40,5,"I, II, IIF, III, IV",,Fleiss,unweighted,0.466,,0.381,0.57,,,,,,,0,,,CT,,original,original,pooled,version;n_categories;n_readers,Abufaraj_2025_c1,,inter-reader,-0.4,0,,duplicate_within_study,3.0,mixed,blinded,retrospective,Asia
C008,Abufaraj_2025,inter-reader,CT,,2019,,6,radiology residents (3rd and 4th year),3rd to 4th year residents,,,yes,independent,40,5,"I, II, IIF, III, IV",,Fleiss,unweighted,0.48,,0.36,0.609,,,,,,,0,,,CT,,v2019,v2019,pooled,version;n_categories;n_readers,Abufaraj_2025_c1,,inter-reader,-0.4,0,,duplicate_within_study,3.0,mixed,blinded,retrospective,Asia
C009,Abufaraj_2025,inter-reader,CT,,2005,,4,radiology residents (4th year only),4th year residents,,,yes,independent,40,5,"I, II, IIF, III, IV",,Fleiss,unweighted,0.474,,0.369,0.593,,,,,,,0,,,CT,,original,original,pooled,version;n_categories;n_readers,Abufaraj_2025_c1,,inter-reader,-0.4,0,,duplicate_within_study,4.0,mixed,blinded,retrospective,Asia
C010,Abufaraj_2025,inter-reader,CT,,2019,,4,radiology residents (4th year only),4th year residents,,,yes,independent,40,5,"I, II, IIF, III, IV",,Fleiss,unweighted,0.417,,0.285,0.563,,,,,,,0,,,CT,,v2019,v2019,pooled,version;n_categories;n_readers,Abufaraj_2025_c1,,inter-reader,-0.4,0,,duplicate_within_study,4.0,mixed,blinded,retrospective,Asia
C011,Abufaraj_2025,inter-reader,CT,,2005,,8,radiology residents,2nd to 4th year,,,yes,independent,40,5,"I, II, IIF, III, IV",,Fleiss,unspecified,,,,,,,,,,,0,duplicate,,,,NA,NA,,,,,,,,,,2.0,mixed,blinded,retrospective,Asia
C012,Abufaraj_2025,inter-reader,CT,,2019,,8,radiology residents,2nd to 4th year,,,yes,independent,40,5,"I, II, IIF, III, IV",,Fleiss,unspecified,,,,,,,,,,,0,duplicate,,,,NA,NA,,,,,,,,,,2.0,mixed,blinded,retrospective,Asia
C013,Almalki_2023,inter-reader,CT,,2019,,3,abdominal radiologists,>10 years renal CT/MRI experience,,,yes,independent,60,5,"I, II, IIF, III, IV",,ICC,not_applicable,,0.0561,0.54,0.76,,,,0.66,ICC (not further specified),,0,,,CT,,v2019,v2019,pooled,modality,Almalki_2023_c1,,inter-reader,-0.6,1,pooled_direct,,10.0,subspecialty,blinded,prospective,Other
C014,Almalki_2023,inter-reader,MRI,,2019,,3,abdominal radiologists,>10 years renal CT/MRI experience,,,yes,independent,60,5,"I, II, IIF, III, IV",,ICC,not_applicable,,0.0587,0.5,0.73,,,,0.62,ICC (not further specified),,0,,,MRI,,v2019,v2019,pooled,modality,Almalki_2023_c1,,inter-reader,-0.6,0,,duplicate_within_study,10.0,subspecialty,blinded,prospective,Other
C015,Almalki_2023,inter-modality,CT,MRI,2019,2019,3,abdominal radiologists,>10 years,,,yes,consensus,60,5,"I, II, IIF, III, IV",,Cohen_quadratic,quadratic,0.58,,0.45,0.72,0.5,,,,,,1,,cohen_multi_reader,CT,MRI,v2019,v2019,single,none,Almalki_2023_c1,cohen_multi_reader,inter-modality,6.4,1,sole_estimate,,10.0,subspecialty,blinded,prospective,Other
C018,Ascenti_2007,inter-reader,CEUS,,2005,,3,abdominal radiologists,"15, 25, 10 years urologic imaging",,,yes,independent,44,4,"II, IIF, III, IV",,Cohen_unweighted,unweighted,0.86,,,,,,,,,,0,,cohen_multi_reader,CEUS,,unspecified,original,pooled,modality,Ascenti_2007_c1,cohen_multi_reader;no_ci,inter-reader,1.56,0,,lower_modality_priority,16.67,subspecialty,blinded,prospective,Europe
C020,Ascenti_2007,inter-reader,CT,,2005,,3,abdominal radiologists,"15, 25, 10 years",,,yes,independent,44,4,"II, IIF, III, IV",,Cohen_unweighted,unweighted,1,,,,1,,,,,,0,,cohen_multi_reader,CT,,original,original,pooled,modality,Ascenti_2007_c1,cohen_multi_reader;extreme_value;no_ci,inter-reader,1.56,1,pooled_direct,,16.67,subspecialty,blinded,prospective,Europe
C021,Ascenti_2007,inter-modality,CEUS,CT,2005,2005,3,abdominal radiologists,"15, 25, 10 years",,,yes,independent,44,4,"II, IIF, III, IV",,Cohen_unweighted,unweighted,0.79,,0.73,0.86,,,,,,,1,,cohen_multi_reader,CEUS,CT,unspecified,original,single,none,Ascenti_2007_c1,cohen_multi_reader,inter-modality,6.56,1,sole_estimate,,16.67,subspecialty,blinded,prospective,Europe
C025,Audenet_2022,inter-modality,CT/MRI,CT/MRI+CEUS,unclear,unclear,,multidisciplinary tumor board,not specified,,,unclear,unclear,52,,Bosniak III only,,,,,,,,,,,,,,0,no_stat,,,,NA,NA,,,,,,,,,,,,unclear,retrospective,Europe
C027,Bai_2022,intra-reader,MRI,,2019,,8,radiologists,senior and junior,,,unclear,independent,207,5,"I, II, IIF, III, IV",,ICC,not_applicable,,,0.821,0.872,,,,0.848,test-retest ICC,,0,,,MRI,,v2019,v2019,pooled,none,Bai_2022_c1,,intra-reader,2.93,1,sole_estimate,,,general,unclear,,
C028,Benjaminov_2006,inter-reader,CT,,2005,,2,abdominal radiologists,experienced (not further specified),,,yes,independent,32,4,"II, IIF, III, IV",,Cohen_quadratic,quadratic,0.52,,0.28,0.75,,,,,,,1,,,CT,,original,original,single_pair,none,Benjaminov_2006_c1,,inter-reader,9.68,1,sole_estimate,,,subspecialty,blinded,retrospective,North_America
C039,Bertelli_2011,inter-modality,CEUS,CECT,unclear,unclear,,,,,,unclear,unclear,42,,unclear,,,,,,,,0.904,,,,,,0,no_stat,,,,NA,NA,,,,,,,,,,,,unclear,,
C040,Bertolotto_2010,inter-reader,CT (5mm axial),CT (5mm axial),original,original,2,"['radiology', 'radiology']",12 years,,2 years,"blinded to patient history, clinical info, pathology, each other's interpretations",independent,70,4,"['II', 'IIF', 'III', 'IV']",,Cohen_weighted,weighted_unspecified,0.64,,,,,,,,,,0,,weight_not_specified,CT,CT,original,original,single_pair,reader_pair,Bertolotto_2010_c1,no_ci;weight_not_specified,inter-reader,30.3,1,standard_acquisition,,7.0,general,blinded,retrospective,Europe
C041,Bertolotto_2010,inter-reader,CT (volume data),CT (volume data),original,original,2,"['radiology', 'radiology']",12 years,,2 years,blinded,independent,70,4,"['II', 'IIF', 'III', 'IV']",,Cohen_weighted,weighted_unspecified,0.7,,,,,,,,,,0,,weight_not_specified,CT,CT,original,original,single_pair,reader_pair,Bertolotto_2010_c1,no_ci;weight_not_specified,technical-comparison,30.3,0,,alternative_acquisition,7.0,general,blinded,retrospective,Europe
C042,Bertolotto_2010,intra-reader,CT (5mm axial),CT (5mm axial),original,original,1,['radiology'],12 years,,,"blinded, 1-month interval",repeated,70,4,"['II', 'IIF', 'III', 'IV']",,Cohen_weighted,weighted_unspecified,0.84,,,,,,,,,,0,,weight_not_specified,CT,CT,original,original,single_pair,reader_pair,Bertolotto_2010_c1,no_ci;weight_not_specified,intra-reader,5.3,1,single_direct,,12.0,general,blinded,retrospective,Europe
C043,Bertolotto_2010,intra-reader,CT (volume data),CT (volume data),original,original,1,['radiology'],12 years,,,"blinded, 1-month interval",repeated,70,4,"['II', 'IIF', 'III', 'IV']",,Cohen_weighted,weighted_unspecified,0.92,,,,,,,,,,0,,weight_not_specified,CT,CT,original,original,single_pair,reader_pair,Bertolotto_2010_c1,no_ci;weight_not_specified,technical-comparison,5.3,0,,duplicate_within_study,12.0,general,blinded,retrospective,Europe
C044,Bertolotto_2010,intra-reader,CT (5mm axial),CT (5mm axial),original,original,1,['radiology'],2 years,,,"blinded, 1-month interval",repeated,70,4,"['II', 'IIF', 'III', 'IV']",,Cohen_weighted,weighted_unspecified,0.81,,,,,,,,,,0,,weight_not_specified,CT,CT,original,original,single_pair,reader_pair,Bertolotto_2010_c1,no_ci;weight_not_specified,intra-reader,5.3,0,,duplicate_within_study,2.0,general,blinded,retrospective,Europe
C045,Bertolotto_2010,intra-reader,CT (volume data),CT (volume data),original,original,1,['radiology'],2 years,,,"blinded, 1-month interval",repeated,70,4,"['II', 'IIF', 'III', 'IV']",,Cohen_weighted,weighted_unspecified,0.86,,,,,,,,,,0,,weight_not_specified,CT,CT,original,original,single_pair,reader_pair,Bertolotto_2010_c1,no_ci;weight_not_specified,technical-comparison,5.3,0,,duplicate_within_study,2.0,general,blinded,retrospective,Europe
C048,Bertolotto_2015,inter-reader,CEUS,CEUS,original (adapted for CEUS),original (adapted for CEUS),2,"['radiology', 'radiology']",20 years urologic imaging,,10 years urologic imaging,blinded,independent,23,3,"['IIF', 'III', 'IV']",,Cohen_linear,linear,0.7,,,,0.739,,,,,,1,,,CEUS,CEUS,modified,modified,single_pair,none,Bertolotto_2015_c1,no_ci;small_sample,inter-reader,9.77,1,sole_estimate,,15.0,general,blinded,retrospective,Europe
C049,Chan_2021,inter-modality,CT,MRI,original,original,4,['abdominal radiology'],"10, 1, 1, 2 years post-fellowship",,,blinded to histopathology and demographics,consensus (3 readers + expert),65,5,"['I', 'II', 'IIF', 'III', 'IV']",,Cohen_unweighted,unweighted,0.6,,,,0.708,,,,,,1,,cohen_multi_reader,CT,MRI,original,original,single,version,Chan_2021_c1,cohen_multi_reader;no_ci,inter-modality,6.35,,,lower_priority_version_within_study,3.5,subspecialty,blinded,retrospective,North_America
C050,Chan_2021,inter-modality,CT,MRI,v2019,v2019,4,['abdominal radiology'],"10, 1, 1, 2 years post-fellowship",,,blinded,consensus,65,5,"['I', 'II', 'IIF', 'III', 'IV']",,Cohen_unweighted,unweighted,0.63,,,,0.723,,,,,,1,,cohen_multi_reader,CT,MRI,v2019,v2019,single,version,Chan_2021_c1,cohen_multi_reader;no_ci,inter-modality,6.35,1,single_direct,,3.5,subspecialty,blinded,retrospective,North_America
C051,Chan_2021,inter-reader,CT,CT,original,original,3,['abdominal radiology'],"1, 1, 2 years post-fellowship",,,blinded,independent,65,5,"['I', 'II', 'IIF', 'III', 'IV']",,Cohen_unweighted,unweighted,0.35,,,,,,,,,,0,,cohen_multi_reader,CT,CT,original,original,pooled,modality;version,Chan_2021_c1,cohen_multi_reader;no_ci,inter-reader,1.35,,,lower_priority_version_within_study,1.33,subspecialty,blinded,retrospective,North_America
C052,Chan_2021,inter-reader,MRI,MRI,original,original,3,['abdominal radiology'],"1, 1, 2 years post-fellowship",,,blinded,independent,65,5,"['I', 'II', 'IIF', 'III', 'IV']",,Cohen_unweighted,unweighted,0.37,,,,,,,,,,0,,cohen_multi_reader,MRI,MRI,original,original,pooled,modality;version,Chan_2021_c1,cohen_multi_reader;no_ci,inter-reader,1.35,0,,duplicate_within_study,1.33,subspecialty,blinded,retrospective,North_America
C053,Chan_2021,inter-reader,CT,CT,v2019,v2019,3,['abdominal radiology'],"1, 1, 2 years post-fellowship",,,blinded,independent,65,5,"['I', 'II', 'IIF', 'III', 'IV']",,Cohen_unweighted,unweighted,0.44,,,,,,,,,,0,,cohen_multi_reader,CT,CT,v2019,v2019,pooled,modality;version,Chan_2021_c1,cohen_multi_reader;no_ci,inter-reader,1.35,1,pooled_direct,,1.33,subspecialty,blinded,retrospective,North_America
C054,Chan_2021,inter-reader,MRI,MRI,v2019,v2019,3,['abdominal radiology'],"1, 1, 2 years post-fellowship",,,blinded,independent,65,5,"['I', 'II', 'IIF', 'III', 'IV']",,Cohen_unweighted,unweighted,0.39,,,,,,,,,,0,,cohen_multi_reader,MRI,MRI,v2019,v2019,pooled,modality;version,Chan_2021_c1,cohen_multi_reader;no_ci,inter-reader,1.35,0,,duplicate_within_study,1.33,subspecialty,blinded,retrospective,North_America
C055,Chan_2021,intra-reader,CT,CT,original,original,3,['abdominal radiology'],"1, 1, 2 years post-fellowship",,,"blinded, minimum 4-week washout",repeated,65,5,"['I', 'II', 'IIF', 'III', 'IV']",,Cohen_weighted,weighted_unspecified,0.455,,,,,,,,,,0,no_stat,cohen_multi_reader;weight_not_specified,CT,CT,original,original,single,modality;version,Chan_2021_c1,weight_not_specified;cohen_multi_reader;no_ci;derived_midpoint_not_used,,7.35,0,,,1.33,subspecialty,blinded,retrospective,North_America
C056,Chan_2021,intra-reader,MRI,MRI,original,original,3,['abdominal radiology'],"1, 1, 2 years post-fellowship",,,"blinded, minimum 4-week washout",repeated,65,5,"['I', 'II', 'IIF', 'III', 'IV']",,Cohen_weighted,weighted_unspecified,0.49,,,,,,,,,,0,no_stat,cohen_multi_reader;weight_not_specified,MRI,MRI,original,original,single,modality;version,Chan_2021_c1,weight_not_specified;cohen_multi_reader;no_ci;derived_midpoint_not_used,,7.35,0,,,1.33,subspecialty,blinded,retrospective,North_America
C057,Chan_2021,intra-reader,CT,CT,v2019,v2019,3,['abdominal radiology'],"1, 1, 2 years post-fellowship",,,"blinded, minimum 4-week washout",repeated,65,5,"['I', 'II', 'IIF', 'III', 'IV']",,Cohen_weighted,weighted_unspecified,0.485,,,,,,,,,,0,no_stat,cohen_multi_reader;weight_not_specified,CT,CT,v2019,v2019,single,modality;version,Chan_2021_c1,weight_not_specified;cohen_multi_reader;no_ci;derived_midpoint_not_used,,7.35,0,,,1.33,subspecialty,blinded,retrospective,North_America
C058,Chan_2021,intra-reader,MRI,MRI,v2019,v2019,3,['abdominal radiology'],"1, 1, 2 years post-fellowship",,,"blinded, minimum 4-week washout",repeated,65,5,"['I', 'II', 'IIF', 'III', 'IV']",,Cohen_weighted,weighted_unspecified,0.51,,,,,,,,,,0,no_stat,cohen_multi_reader;weight_not_specified,MRI,MRI,v2019,v2019,single,modality;version,Chan_2021_c1,weight_not_specified;cohen_multi_reader;no_ci;derived_midpoint_not_used,,7.35,0,,,1.33,subspecialty,blinded,retrospective,North_America
C059,Chang_2015,inter-reader,CEUS,CEUS,,,2,,,,,blinded,independent,33,2,"positive, negative",,Cohen_unweighted,unweighted,0.926,,,,0.9697,,,,,,0,,,CEUS,CEUS,unspecified,unspecified,single_pair,none,Chang_2015_c1,no_ci,inter-reader,9.67,1,sole_estimate,,,,blinded,,
C060,Clevert_2008,inter-modality,CT,CEUS,original,original (adapted for US),1,['radiology'],experienced radiologists,,,blinded readers,independent,37,4,"['II', 'IIF', 'III', 'IV']",,Cohen_unweighted,unweighted,0.7505,,,,0.8108108108108109,,,,,,1,,derived_from_table,CT,CEUS,original,modified,single,none,Clevert_2008_c1,no_ci,inter-modality,4.63,1,sole_estimate,,,general,blinded,retrospective,Europe
C061,Como_2021,inter-modality,CT/MRI,CEUS,original/v2019 (standard Bosniak),modified Bosniak (0-5) for CEUS,1,,,,,,,48,2,,,Cohen_unweighted,unweighted,0.12,,,,,,,,,,0,not_bosniak_category_agreement,,CT_MRI,CEUS,both,modified,single,n_categories;n_cysts,Como_2021_c1,no_ci,inter-modality,4.52,0,single_direct,,,,unclear,retrospective,Europe
C062,Como_2021,inter-modality,CT/MRI,CEUS,original/v2019,modified Bosniak (0-5),1,,,,,,,36,2,">2F, ≤2F",,Cohen_unweighted,unweighted,0.33,,,,,,,,,,0,,,CT_MRI,CEUS,both,modified,single,n_categories;n_cysts,Como_2021_c2,no_ci,inter-modality,4.64,1,,,,,unclear,retrospective,Europe
C063,Dana_2023,inter-reader,CT,CT,v2005,v2005,3,['abdominal radiology'],"25, 7, 4 years",,,blinded to pathology and follow-up,independent,149,5,"['I', 'II', 'IIF', 'III', 'IV']",,Light,unweighted,0.78,,0.72,0.82,0.557,,,,,,0,,,CT,CT,original,original,pooled,version;n_categories;n_readers,Dana_2023_c1,,inter-reader,-1.49,,,lower_priority_version_within_study,12.0,subspecialty,blinded,retrospective,North_America
C064,Dana_2023,inter-reader,CT,CT,v2019,v2019,3,['abdominal radiology'],"25, 7, 4 years",,,blinded,independent,149,5,"['I', 'II', 'IIF', 'III', 'IV']",,Light,unweighted,0.75,,0.69,0.8,0.57,,,,,,0,,,CT,CT,v2019,v2019,pooled,version;n_categories;n_readers,Dana_2023_c1,,inter-reader,-1.49,0,pooled_direct,reader_subgroup_of_C068,12.0,subspecialty,blinded,retrospective,North_America
C065,Dana_2023,inter-reader,CT,CT,v2005,v2005,2,['abdominal imaging fellow'],fellows,,,blinded,independent,149,5,"['I', 'II', 'IIF', 'III', 'IV']",,Light,unweighted,0.71,,0.64,0.78,0.631,,,,,,0,,,CT,CT,original,original,single_pair,version;n_categories;n_readers,Dana_2023_c1,,inter-reader,8.51,0,,less_preferred_structure:single_pair;lower_priority,,mixed,blinded,retrospective,North_America
C066,Dana_2023,inter-reader,CT,CT,v2019,v2019,2,['abdominal imaging fellow'],fellows,,,blinded,independent,149,5,"['I', 'II', 'IIF', 'III', 'IV']",,Light,unweighted,0.72,,0.63,0.79,0.685,,,,,,0,,,CT,CT,v2019,v2019,single_pair,version;n_categories;n_readers,Dana_2023_c1,,inter-reader,8.51,0,,less_preferred_structure:single_pair;lower_priority,,mixed,blinded,retrospective,North_America
C067,Dana_2023,inter-reader,CT,CT,v2005,v2005,5,"['abdominal radiology', 'abdominal imaging fellow']",fellows to 25 years,,,blinded,independent,149,5,"['I', 'II', 'IIF', 'III', 'IV']",,Light,unweighted,0.74,,0.69,0.78,0.362,,,,,,0,,,CT,CT,original,original,pooled,version;n_categories;n_readers,Dana_2023_c1,,inter-reader,-1.49,0,,lower_priority_version_within_study,25.0,mixed,blinded,retrospective,North_America
C068,Dana_2023,inter-reader,CT,CT,v2019,v2019,5,"['abdominal radiology', 'abdominal imaging fellow']",fellows to 25 years,,,blinded,independent,149,5,"['I', 'II', 'IIF', 'III', 'IV']",,Light,unweighted,0.73,,0.68,0.78,0.436,,,,,,0,,,CT,CT,v2019,v2019,pooled,version;n_categories;n_readers,Dana_2023_c1,,inter-reader,-1.49,1,,,25.0,mixed,blinded,retrospective,North_America
C069,Dana_2023,inter-reader,CT,CT,v2005,v2005,3,['abdominal radiology'],"25, 7, 4 years",,,blinded,independent,149,2,"['I-IIF (conservative)', 'III-IV (ablative)']",dichotomized: I-IIF vs III-IV,Light,unweighted,0.8,,0.7,0.88,0.886,,,,,,0,supplementary_collapsed,,CT,CT,original,original,pooled,version;n_categories;n_readers,Dana_2023_c1,,inter-reader,-1.49,0,,duplicate_within_study,12.0,subspecialty,blinded,retrospective,North_America
C070,Dana_2023,inter-reader,CT,CT,v2019,v2019,3,['abdominal radiology'],"25, 7, 4 years",,,blinded,independent,149,2,"['I-IIF (conservative)', 'III-IV (ablative)']",dichotomized: I-IIF vs III-IV,Light,unweighted,0.71,,0.62,0.81,0.819,,,,,,0,supplementary_collapsed,,CT,CT,v2019,v2019,pooled,version;n_categories;n_readers,Dana_2023_c1,,inter-reader,-1.49,0,,duplicate_within_study,12.0,subspecialty,blinded,retrospective,North_America
C073,Das_2023,inter-modality,CECT,CEUS,v2019,EFSUMB 2020 adapted Bosniak,1,['radiology'],22 years (5 years CEUS),,,CEUS reader blinded to CECT,independent,40,5,"['I', 'II', 'IIF', 'III', 'IV']",,Cohen_unweighted,unweighted,0.66,,,,0.725,,,,,,1,,,CT,CEUS,v2019,EFSUMB,single,none,Das_2023_c1,no_ci,inter-modality,4.6,1,sole_estimate,,22,general,blinded,prospective,Asia
C074,Das_2023,inter-modality,CEUS,histopathology/follow-up,EFSUMB 2020 adapted Bosniak,reference standard,1,['radiology'],22 years,,,,,40,2,"['benign', 'malignant']",dichotomized: I-IIF vs III-IV,Cohen_unweighted,unweighted,,,,,,,,,,,1,diagnostic_accuracy,,,,NA,NA,,,,,,,,,,22.0,general,unclear,prospective,Asia
C075,Das_2023,inter-modality,CECT,histopathology/follow-up,v2019,reference standard,,,,,,,,40,2,"['benign', 'malignant']",dichotomized: I-IIF vs III-IV,Cohen_unweighted,unweighted,,,,,,,,,,,1,diagnostic_accuracy,,,,NA,NA,,,,,,,,,,,,unclear,prospective,Asia
C076,El-Mokadem_2014,inter-reader,CT,CT,original,original,2,"['uro-radiologist', 'radiologist']",,,,not specified (clinical practice setting),clinical reports vs MDT consensus,96,4,"['II', 'IIF', 'III', 'IV']",,Cohen_quadratic,quadratic,0.69,0.0663,0.56,0.82,0.698,,,,,,1,,,CT,CT,original,original,single_pair,none,El-Mokadem_2014_c1,,inter-reader,9.04,1,sole_estimate,,,subspecialty,unclear,retrospective,Europe
C077,Elbanna_2021,inter-reader,CEUS,CEUS,v2019,v2019,2,"['abdominal radiologist', 'abdominal radiologist']",15 years CEUS experience each,,,blinded to prior imaging and final diagnosis,independent retrospective review,38,5,"['I', 'II', 'IIF', 'III', 'IV']",,Cohen_weighted,weighted_unspecified,0.92,0.0638,0.75,1,,,,,,,0,,weight_not_specified,CEUS,CEUS,v2019,v2019,single_pair,modality,Elbanna_2021_c1,weight_not_specified,inter-reader,10.62,0,,lower_modality_priority,15.0,subspecialty,blinded,retrospective,North_America
C078,Elbanna_2021,inter-reader,CT/MRI,CT/MRI,v2019,v2019,2,"['abdominal radiologist (5 yr exp)', 'abdominal radiologist (7 yr exp)']",5 years,,7 years,blinded to CEUS findings and final diagnosis,independent retrospective review,38,5,"['I', 'II', 'IIF', 'III', 'IV']",,Cohen_weighted,weighted_unspecified,0.68,0.1071,0.39,0.81,,,,,,,0,,weight_not_specified,CT_MRI,CT_MRI,v2019,v2019,single_pair,modality,Elbanna_2021_c1,weight_not_specified,inter-reader,10.62,1,single_pair_direct,,6.0,subspecialty,blinded,retrospective,North_America
C080,Foukal_2014,inter-modality,CEUS,CT,Ascenti modification (CEUS),original 2005 (CT),1,,,,,,,112,6,"['I', 'II', 'IIF', 'III', 'IV', 'solid']",,Cohen_unweighted,unweighted,0.429,,,,0.61,,,,,,1,,derived_from_table,CEUS,CT,modified,original,single,n_categories,Foukal_2014_c1,derived_from_table;no_ci,inter-modality,4.88,1,single_direct,,,,unclear,retrospective,Europe
C081,Foukal_2014,inter-modality,CEUS,CT,Ascenti modification (CEUS),original 2005 (CT),1,,,,,,,112,2,"['non-surgical (I+II+IIF)', 'surgical (III+IV+solid)']",binary: non-surgical vs surgical,Cohen_unweighted,unweighted,0.63,,,,0.9,,,,,,1,supplementary_collapsed,derived_from_table,CEUS,CT,modified,original,single,n_categories,Foukal_2014_c1,derived_from_table;no_ci,inter-modality,4.88,0,,duplicate_within_study,,,unclear,retrospective,Europe
C082,Glomski_2018,inter-reader,DECT iodine overlay,DECT iodine overlay,original (IIF criteria),original (IIF criteria),2,"['attending radiologist', 'attending radiologist']","1-4 years post-training, each 4 years DECT software experience",,,"blinded to clinical data (except age/gender), prospective interpretation, and other reader","independent retrospective review, 3 sessions separated by 3 months",55,2,"['no non-benign lesion', 'non-benign lesion present']",binary (presence/absence of non-benign lesion per patient),Cohen,unweighted,,,,,,,,,,,0,not_bosniak_category,,,,NA,NA,,,,,,,,,,2.5,general,blinded,retrospective,North_America
C083,Glomski_2018,inter-reader,renal mass protocol CT,renal mass protocol CT,original (IIF criteria),original (IIF criteria),2,"['attending radiologist', 'attending radiologist']",1-4 years post-training,,,blinded,"independent retrospective review, 3 sessions separated by 3 months",55,2,"['no non-benign lesion', 'non-benign lesion present']",binary (presence/absence of non-benign lesion per patient),Cohen,unweighted,,,,,,,,,,,0,not_bosniak_category,,,,NA,NA,,,,,,,,,,2.5,general,blinded,retrospective,North_America
C084,Glomski_2018,intra-reader,DECT iodine overlay,renal mass protocol CT,original,original,1,['attending radiologist'],4 years post-training,,,blinded,separate sessions >=3 months apart,55,2,"['no non-benign lesion', 'non-benign lesion present']",binary,Cohen,unweighted,,,,,,,,,,,0,not_bosniak_category,,,,NA,NA,,,,,,,,,,4.0,general,blinded,retrospective,North_America
C085,Glomski_2018,intra-reader,DECT iodine overlay,renal mass protocol CT,original,original,1,['attending radiologist'],1 year post-training,,,blinded,separate sessions >=3 months apart,55,2,"['no non-benign lesion', 'non-benign lesion present']",binary,Cohen,unweighted,,,,,,,,,,,0,not_bosniak_category,,,,NA,NA,,,,,,,,,,1.0,general,blinded,retrospective,North_America
C086,Graumann_2015,inter-reader,CT,CT,2005,2005,2,['uroradiology'],20+ years (Reader A),,,Blinded from original CT reports,independent review at PACS workstation,100,5,"['I', 'II', 'IIF', 'III', 'IV']",,Cohen_quadratic,quadratic,0.85,0.0204,0.82,0.9,,,,,,,1,,,CT,CT,original,original,pairwise,reader_pair,Graumann_2016_c1,overlap:graumann_group,inter-reader,29,0,,pairwise_aggregated_to_median,20.0,subspecialty,blinded,retrospective,Europe
C087,Graumann_2015,inter-reader,CT,CT,2005,2005,2,['uroradiology'],20+ years (Reader A),,,Blinded from original CT reports,independent review at PACS workstation,100,5,"['I', 'II', 'IIF', 'III', 'IV']",,Cohen_quadratic,quadratic,0.84,0.0179,0.78,0.85,,,,,,,1,,,CT,CT,original,original,pairwise,reader_pair,Graumann_2016_c1,overlap:graumann_group,inter-reader,29,0,,pairwise_aggregated_to_median,20.0,subspecialty,blinded,retrospective,Europe
C088,Graumann_2015,inter-reader,CT,CT,2005,2005,2,['uroradiology'],20+ years (Reader B),,,Blinded from original CT reports,independent review at PACS workstation,100,5,"['I', 'II', 'IIF', 'III', 'IV']",,Cohen_quadratic,quadratic,0.97,0.0026,0.96,0.97,,,,,,,1,,,CT,CT,original,original,pairwise,reader_pair,Graumann_2016_c1,overlap:graumann_group;extreme_value,inter-reader,29,1,median_synthetic:0.9700,,20,subspecialty,blinded,retrospective,Europe
C089,Graumann_2015,inter-reader,CT,CT,2005,2005,2,['uroradiology'],20+ years (Reader B),,,Blinded from original CT reports,independent review at PACS workstation,100,5,"['I', 'II', 'IIF', 'III', 'IV']",,Cohen_quadratic,quadratic,0.97,0.0026,0.96,0.97,,,,,,,1,,,CT,CT,original,original,pairwise,reader_pair,Graumann_2016_c1,overlap:graumann_group;extreme_value,inter-reader,29,0,,pairwise_aggregated_to_median,20.0,subspecialty,blinded,retrospective,Europe
C090,Graumann_2015,inter-reader,CT,CT,2005,2005,2,['uroradiology'],"4 years intensive (Reader C, senior resident)",,,Blinded from original CT reports,independent review at PACS workstation,100,5,"['I', 'II', 'IIF', 'III', 'IV']",,Cohen_quadratic,quadratic,0.98,0.0026,0.98,0.99,,,,,,,1,,,CT,CT,original,original,pairwise,reader_pair,Graumann_2016_c1,overlap:graumann_group;extreme_value,inter-reader,29,0,,pairwise_aggregated_to_median,4.0,subspecialty,blinded,retrospective,Europe
C091,Graumann_2015,inter-reader,CT,CT,2005,2005,2,['uroradiology'],4 years intensive (Reader C),,,Blinded from original CT reports,independent review at PACS workstation,100,5,"['I', 'II', 'IIF', 'III', 'IV']",,Cohen_quadratic,quadratic,0.98,0.0026,0.98,0.99,,,,,,,1,,,CT,CT,original,original,pairwise,reader_pair,Graumann_2016_c1,overlap:graumann_group;extreme_value,inter-reader,29,0,,pairwise_aggregated_to_median,4.0,subspecialty,blinded,retrospective,Europe
C092,Graumann_2015,intra-reader,CT,CT,2005,2005,1,['uroradiology'],20+ years,,,Blinded from original CT reports; 10 noise cases added,independent review at PACS workstation,100,5,"['I', 'II', 'IIF', 'III', 'IV']",,Cohen_quadratic,quadratic,0.99,0.0026,0.98,0.99,,,,,,,1,,,CT,CT,original,original,single,reader_pair,Graumann_2016_c1,overlap:graumann_group;extreme_value,intra-reader,4,1,single_direct,,20,subspecialty,blinded,retrospective,Europe
C093,Graumann_2015,intra-reader,CT,CT,2005,2005,1,['uroradiology'],20+ years,,,Blinded from original CT reports; 10 noise cases added,independent review at PACS workstation,100,5,"['I', 'II', 'IIF', 'III', 'IV']",,Cohen_quadratic,quadratic,0.99,,0.89,0.99,,,,,,,1,,,CT,CT,original,original,single,reader_pair,Graumann_2016_c1,overlap:graumann_group;extreme_value,intra-reader,4,0,,duplicate_within_study,20.0,subspecialty,blinded,retrospective,Europe
C094,Graumann_2015,intra-reader,CT,CT,2005,2005,1,['uroradiology'],4 years intensive,,,Blinded from original CT reports; 10 noise cases added,independent review at PACS workstation,100,5,"['I', 'II', 'IIF', 'III', 'IV']",,Cohen_quadratic,quadratic,0.99,0,0.99,0.99,,,,,,,1,,,CT,CT,original,original,single,reader_pair,Graumann_2016_c1,overlap:graumann_group;extreme_value,intra-reader,4,0,,duplicate_within_study,4.0,subspecialty,blinded,retrospective,Europe
C095,Graumann_2016,inter-modality,CEUS,CT,2005,2005,3,['radiology'],"5 years (CEUS reader OG); CT consensus by 3 readers (25, 20, 5 years)",,,CEUS reader blinded from CT results,independent modality evaluation,43,4,"['II', 'IIF', 'III', 'IV']",,Cohen_weighted,weighted_unspecified,0.86,0.023,0.83,0.92,0.79,,,,,,0,,cohen_multi_reader;weight_not_specified,CEUS,CT,unspecified,original,single,modality;n_cysts,Graumann_2015_c1,cohen_multi_reader;overlap:graumann_group;weight_not_specified,inter-modality,7.57,0,,lower_modality_priority,10.0,general,blinded,prospective,Europe
C096,Graumann_2016,inter-modality,MRI,CT,2005,2005,3,['radiology'],20 years (MRI reader SSO); CT consensus by 3 readers,,,MRI reader blinded from CT results,independent modality evaluation,41,4,"['II', 'IIF', 'III', 'IV']",,Cohen_weighted,weighted_unspecified,0.91,0.0204,0.85,0.93,0.78,,,,,,0,,cohen_multi_reader;weight_not_specified,MRI,CT,original,original,single,modality;n_cysts,Graumann_2015_c2,cohen_multi_reader;overlap:graumann_group;weight_not_specified,inter-modality,7.59,1,single_direct,,20,general,blinded,prospective,Europe
C097,Guo_2024,inter-reader,MRI,MRI,2019,2019,2,['radiology'],3 to 16 years,,,Blinded to clinical and pathological information,independent review of anonymized DICOM data,113,5,"['I', 'II', 'IIF', 'III', 'IV']",,Cohen_weighted,weighted_unspecified,0.77,0.0408,0.69,0.85,,,,,,,0,,weight_not_specified,MRI,MRI,v2019,v2019,single_pair,none,Guo_2024_c1,weight_not_specified,inter-reader,9.87,1,sole_estimate,,9.5,general,blinded,retrospective,Asia
C110,He_2025,inter-modality,CEUS,CECT,,,2,,,,,,,58,4,,,Cohen,unspecified,0.487,,,,,,,,,,0,,,CEUS,CT,v2019,v2019,single,none,He_2025_c1,overlap:he_group;no_ci,inter-modality,5.42,1,sole_estimate,,,,unclear,retrospective,Asia
C111,He_2026,inter-modality,US,CT/MRI,2019 (US-adapted),2019,5,"['ultrasound', 'radiology']",US consensus by 2 high-level readers (>=8y); CT/MRI by blinded radiologist (10y),,,CT/MRI radiologist blinded to US results and pathology,independent modality evaluation,297,5,"['I', 'II', 'IIF', 'III', 'IV']",,Cohen_weighted,linear,0.75,0.0255,0.7,0.8,0.684,,,,,,1,,,US,CT_MRI,modified,v2019,single,none,He_2026_c1,overlap:he_group,inter-modality,2.03,1,sole_estimate,,,mixed,blinded,retrospective,Asia
C112,He_2026,inter-reader,US,US,2019 (US-adapted),2019 (US-adapted),2,['ultrasound'],<=2 years (low-level),,,Blinded to imaging results and pathological findings,independent review of standardized static images,603,5,"['I', 'II', 'IIF', 'III', 'IV']",,Cohen_weighted,linear,0.77,0.0153,0.74,0.8,,,,,,,1,,,US,US,modified,modified,pairwise,reader_pair,He_2026_c2,overlap:he_group,inter-reader,25,1,median_synthetic:0.8250,,2.0,non_radiology,blinded,retrospective,Asia
C113,He_2026,inter-reader,US,US,2019 (US-adapted),2019 (US-adapted),2,['ultrasound'],<=2 years (low-level),,,Blinded to imaging results and pathological findings,independent review of standardized static images,603,5,"['I', 'II', 'IIF', 'III', 'IV']",,Cohen_weighted,linear,0.75,0.0179,0.71,0.78,,,,,,,1,,,US,US,modified,modified,pairwise,reader_pair,He_2026_c2,overlap:he_group,inter-reader,25,0,,pairwise_aggregated_to_median,2.0,non_radiology,blinded,retrospective,Asia
C114,He_2026,inter-reader,US,US,2019 (US-adapted),2019 (US-adapted),2,['ultrasound'],>=8 years (high-level),,,Blinded to imaging results and pathological findings,independent review of standardized static images,603,5,"['I', 'II', 'IIF', 'III', 'IV']",,Cohen_weighted,linear,0.89,0.0102,0.87,0.91,,,,,,,1,,,US,US,modified,modified,pairwise,reader_pair,He_2026_c2,overlap:he_group,inter-reader,25,0,,pairwise_aggregated_to_median,8.0,non_radiology,blinded,retrospective,Asia
C115,He_2026,inter-reader,US,US,2019 (US-adapted),2019 (US-adapted),2,['ultrasound'],>=8 years (high-level),,,Blinded to imaging results and pathological findings,independent review of standardized static images,603,5,"['I', 'II', 'IIF', 'III', 'IV']",,Cohen_weighted,linear,0.89,0.0102,0.87,0.91,,,,,,,1,,,US,US,modified,modified,pairwise,reader_pair,He_2026_c2,overlap:he_group,inter-reader,25,0,,pairwise_aggregated_to_median,8.0,non_radiology,blinded,retrospective,Asia
C116,He_2026,inter-reader,US,US,2019 (US-adapted),2019 (US-adapted),2,['ultrasound'],<=2 years,,,Blinded,independent review,603,5,"['I', 'II', 'IIF', 'III', 'IV']",,Cohen_weighted,linear,0.66,0.0204,0.62,0.7,,,,,,,1,,,US,US,modified,modified,pairwise,reader_pair,He_2026_c2,overlap:he_group,inter-reader,25,0,,pairwise_aggregated_to_median,2.0,non_radiology,blinded,retrospective,Asia
C117,He_2026,inter-reader,US,US,2019 (US-adapted),2019 (US-adapted),2,['ultrasound'],>=8 years,,,Blinded,independent review,603,5,"['I', 'II', 'IIF', 'III', 'IV']",,Cohen_weighted,linear,0.88,0.0102,0.86,0.9,,,,,,,1,,,US,US,modified,modified,pairwise,reader_pair,He_2026_c2,overlap:he_group,inter-reader,25,0,,pairwise_aggregated_to_median,8.0,non_radiology,blinded,retrospective,Asia
C119,Herms_2023,inter-modality,CEUS,CT/MRI,EFSUMB 2020,not specified,1,['radiology (kidney-experienced)'],kidney-experienced radiologist,,,CT/MRI evaluated by a blinded kidney-experienced radiologist,independent modality evaluation,52,3,"['IIF', 'III', 'IV']","CT/MRI uses I/II combined, plus IIF, III, IV",Cohen,unspecified,0.28,,,,0.577,,,,,,0,,,CEUS,CT_MRI,EFSUMB,unspecified,single,none,Herms_2023_c1,no_ci,inter-modality,4.48,1,sole_estimate,,,general,blinded,retrospective,Europe
C120,Israel_2004,inter-modality,CT,MRI,2005 (with IIF),2005 (with IIF),2,['radiology'],8 and 25 years,,,"Not blinded (CT reviewed first, then MRI immediately after)",consensus reading,69,5,"['I', 'II', 'IIF', 'III', 'IV']",,Cohen_unweighted,unweighted,0.871,,,,0.8986,,,,,,1,,derived_from_table,CT,MRI,original,original,single,none,Israel_2004_c1,derived_from_table;no_ci,inter-modality,5.31,1,sole_estimate,,16.5,general,unblinded,retrospective,North_America
C121,Jin_2024,inter-reader,CEUS,CEUS,EFSUMB 2020,EFSUMB 2020,6,['ultrasound (abdominal)'],3 experts (>5y) and 3 novices (<2y),,,Blinded to histopathologic findings and other raters' assessments,independent review after 1h training,103,5,"['I', 'II', 'IIF', 'III', 'IV']",,Gwet_AC,not_applicable,,,,,,,,,,,0,split_parent,,,,NA,NA,,,,,,,,,,3.0,subspecialty,blinded,retrospective,Asia
C122,Jin_2024,inter-reader,CEUS,CEUS,EFSUMB 2020,EFSUMB 2020,3,['ultrasound (abdominal)'],>5 years,,,Blinded,independent review,103,5,"['I', 'II', 'IIF', 'III', 'IV']",,Gwet_AC,not_applicable,,,,,,,,,,,0,split_parent,,,,NA,NA,,,,,,,,,,5.0,subspecialty,blinded,retrospective,Asia
C123,Jin_2024,inter-reader,CEUS,CEUS,EFSUMB 2020,EFSUMB 2020,3,['ultrasound (abdominal)'],<2 years,,,Blinded,independent review,103,5,"['I', 'II', 'IIF', 'III', 'IV']",,Gwet_AC,not_applicable,,,,,,,,,,,0,split_parent,,,,NA,NA,,,,,,,,,,2.0,subspecialty,blinded,retrospective,Asia
C124,Jin_2024,intra-reader,CEUS,CEUS,EFSUMB 2020,EFSUMB 2020,6,['ultrasound (abdominal)'],3 experts (>5y) and 3 novices (<2y),,,Blinded; randomized patient order,two sessions with 1-month interval,103,5,"['I', 'II', 'IIF', 'III', 'IV']",,Gwet_AC,not_applicable,,,,,,,,,,,0,split_parent,,,,NA,NA,,,,,,,,,,3.0,subspecialty,blinded,retrospective,Asia
C129,Járay_2023,inter-modality,MV-flow (microvascular flow imaging),CEUS,,,1,,,,,,,28,5,,excluding Bosniak 2F,Fleiss,weighted_unspecified,0.806,,,,,,,,,,0,weighted_duplicate_of_C339,weight_not_specified,MV_flow,CEUS,unspecified,unspecified,single,modality;version;n_categories;n_cysts;weight,Járay_2023_c1,weight_not_specified;no_ci,inter-modality,5.08,0,,lower_priority,,,unclear,retrospective,Europe
C130,Járay_2023,inter-modality,MV-flow,Color Doppler,,,1,,,,,,,13,5,,,Fleiss,weighted_unspecified,0.77,,,,,,,,,,0,,weight_not_specified,MV_flow,US,unspecified,unspecified,single,modality;version;n_categories;n_cysts;weight,Járay_2023_c1,weight_not_specified;no_ci,technical-comparison,5.08,0,,lower_priority,,,unclear,retrospective,Europe
C131,Járay_2023,inter-modality,Color Doppler,CEUS,,,1,,,,,,,13,5,,,Fleiss,weighted_unspecified,0.133,,,,,,,,,,0,,weight_not_specified,US,CEUS,unspecified,unspecified,single,modality;version;n_categories;n_cysts;weight,Járay_2023_c1,weight_not_specified;no_ci,technical-comparison,5.08,0,,lower_priority,,,unclear,retrospective,Europe
C134,Kang_2022,inter-reader,MRI (without subtraction),,2019,,2,['radiology'],,,,,independent,187,3,"['II', 'IIF', 'III']",,Cohen,weighted_unspecified,0.6,0.0383,0.53,0.68,,,,,,,0,,weight_not_specified,MRI,,v2019,v2019,pairwise,reader_pair,Kang_2022_c1,weight_not_specified,inter-reader,29.13,1,standard_acquisition,,,general,unclear,retrospective,Asia
C135,Kang_2022,inter-reader,MRI (with subtraction),,2019,,2,['radiology'],,,,,independent,187,3,"['II', 'IIF', 'III']",,Cohen,weighted_unspecified,0.73,0.0357,0.66,0.8,,,,,,,0,,weight_not_specified,MRI,,v2019,v2019,pairwise,reader_pair,Kang_2022_c1,weight_not_specified,inter-reader,29.13,0,,alternative_acquisition_within_study,,general,unclear,retrospective,Asia
C136,Kang_2024,inter-reader,MRI,,2019,,2,['abdominal/genitourinary radiology'],23 years genitourinary radiology,,33 years genitourinary radiology,blinded to pathological results and original imaging reports,independent then consensus,48,5,"['I', 'II', 'IIF', 'III', 'IV']",,Cohen,weighted_unspecified,0.637,,,,,,,,,,0,,weight_not_specified,MRI,,v2019,v2019,single_pair,none,Kang_2024_c1,weight_not_specified;no_ci,inter-reader,10.52,1,sole_estimate,,28.0,subspecialty,blinded,retrospective,Asia
C137,Kang_2025,inter-reader,MRI (without subtraction),,2019,,6,['abdominal radiology'],"10, 14, 15, 3, 3, 5 years",,,blinded to clinical information and pathological results,"independent, re-randomized between sessions",141,4,"['II', 'IIF', 'III', 'IV']",,Fleiss,weighted_unspecified,0.46,0.0357,0.39,0.53,,,,,,,0,,weight_not_specified,MRI,,v2019,v2019,pooled,n_readers,Kang_2025_c1,weight_not_specified,inter-reader,-0.41,1,pooled_direct,,8.33,subspecialty,blinded,retrospective,Asia
C138,Kang_2025,inter-reader,MRI (with subtraction),,2019,,6,['abdominal radiology'],"10, 14, 15, 3, 3, 5 years",,,blinded to clinical information and pathological results,"independent, re-randomized between sessions",141,4,"['II', 'IIF', 'III', 'IV']",,Fleiss,weighted_unspecified,0.62,0.0306,0.56,0.68,,,,,,,0,,weight_not_specified,MRI,,v2019,v2019,pooled,n_readers,Kang_2025_c1,weight_not_specified,technical-comparison,-0.41,0,,duplicate_within_study,8.33,subspecialty,blinded,retrospective,Asia
C139,Kang_2025,inter-reader,MRI (without subtraction),,2019,,3,['abdominal radiology'],"10, 14, 15 years",,,blinded to clinical information and pathological results,independent,141,4,"['II', 'IIF', 'III', 'IV']",,Fleiss,weighted_unspecified,0.52,0.0434,0.44,0.61,,,,,,,0,,weight_not_specified,MRI,,v2019,v2019,subgroup,n_readers,Kang_2025_c1,weight_not_specified,inter-reader,19.59,0,,less_preferred_structure:subgroup;lower_priority,13.0,subspecialty,blinded,retrospective,Asia
C140,Kang_2025,inter-reader,MRI (with subtraction),,2019,,3,['abdominal radiology'],"10, 14, 15 years",,,blinded to clinical information and pathological results,independent,141,4,"['II', 'IIF', 'III', 'IV']",,Fleiss,weighted_unspecified,0.61,0.0332,0.54,0.67,,,,,,,0,,weight_not_specified,MRI,,v2019,v2019,subgroup,n_readers,Kang_2025_c1,weight_not_specified,inter-reader,19.59,0,,less_preferred_structure:subgroup;lower_priority,13.0,subspecialty,blinded,retrospective,Asia
C141,Kang_2025,inter-reader,MRI (without subtraction),,2019,,3,['abdominal radiology'],"3, 3, 5 years",,,blinded to clinical information and pathological results,independent,141,4,"['II', 'IIF', 'III', 'IV']",,Fleiss,weighted_unspecified,0.42,0.0408,0.34,0.5,,,,,,,0,,weight_not_specified,MRI,,v2019,v2019,subgroup,n_readers,Kang_2025_c1,weight_not_specified,inter-reader,19.59,0,,less_preferred_structure:subgroup;lower_priority,3.67,subspecialty,blinded,retrospective,Asia
C142,Kang_2025,inter-reader,MRI (with subtraction),,2019,,3,['abdominal radiology'],"3, 3, 5 years",,,blinded to clinical information and pathological results,independent,141,4,"['II', 'IIF', 'III', 'IV']",,Fleiss,weighted_unspecified,0.63,0.0383,0.56,0.71,,,,,,,0,,weight_not_specified,MRI,,v2019,v2019,subgroup,n_readers,Kang_2025_c1,weight_not_specified,inter-reader,19.59,0,,less_preferred_structure:subgroup;lower_priority,3.67,subspecialty,blinded,retrospective,Asia
C143,Karmazyn_2015,inter-reader,US,,modified Bosniak for US (pediatric),,2,['fellowship-trained pediatric radiology'],,,,blinded to clinical information,independent,212,4,"['I', 'II', 'III', 'IV']",,Cohen,unspecified,0.48,,,,0.83,,,,,,0,,weight_not_specified,US,,modified,modified,single_pair,n_categories;weight,Karmazyn_2015_c1,weight_not_specified;no_ci,inter-reader,8.88,1,single_pair_direct,,,mixed,blinded,retrospective,North_America
C144,Karmazyn_2015,inter-reader,US,,modified Bosniak for US (pediatric),,2,['fellowship-trained pediatric radiology'],,,,blinded to clinical information,independent,212,2,"['simple (I-II)', 'complex (III-IV)']",I+II vs III+IV,Cohen_unweighted,unweighted,0.65,,,,0.98,,,,,,0,supplementary_collapsed,,US,,modified,modified,single_pair,n_categories;weight,Karmazyn_2015_c1,no_ci,inter-reader,7.88,0,,dichotomized_lower_information,,mixed,blinded,retrospective,North_America
C145,Kim_2010,inter-reader,CT (MDCT),,2005,,2,['genitourinary radiology'],15 years,,25 years,blinded to pathologic diagnosis; knew which kidney was removed,independent,125,5,"['I', 'II', 'IIF', 'III', 'IV']",,Cohen_linear,linear,0.696,,,,0.608,,,,,,1,,,CT,,original,original,single_pair,n_categories;weight,Kim_2010_c1,no_ci,inter-reader,8.75,1,single_pair_direct,,20.0,subspecialty,blinded,retrospective,Asia
C146,Kim_2010,inter-reader,CT (MDCT),,2005,,2,['genitourinary radiology'],15 years,,25 years,blinded to pathologic diagnosis,independent,125,2,"['benign (score 1-3)', 'malignant (score 4-5)']",probability score >=4 = malignant,Cohen_unweighted,unweighted,0.725,0.0623,0.589,0.833,,,,,,,1,not_bosniak_category_agreement,,CT,,original,original,single_pair,n_categories;weight,Kim_2010_c1,,inter-reader,8.75,0,,dichotomized_lower_information,20.0,subspecialty,blinded,retrospective,Asia
C150,Lerchbaumer_2020,inter-modality,CEUS,ceCT,Original,Original,3,"['Radiology (CEUS expert EFSUMB level 3)', 'Radiology (senior board-certified, >5 yr experience)']",">5 years (CT readers), >10 years (CEUS examiners)",,,CT radiologists blinded to CEUS results,Independent clinical reading,87,5,"['I', 'II', 'IIF', 'III', 'IV']",,ICC,not_applicable,,0.0357,0.74,0.88,0.736,,,0.824,Intraclass correlation coefficient,,0,,,CEUS,CT,unspecified,original,single,n_cysts,Lerchbaumer_2020_c1,,inter-modality,4.13,1,single_direct,,,subspecialty,blinded,retrospective,Europe
C151,Lerchbaumer_2020,inter-modality,CEUS,ceCT,Original,Original,1,['Radiology'],>5 years,,,CT readers blinded to CEUS,Independent clinical reading,87,5,"['I', 'II', 'IIF', 'III', 'IV']",Per-category ICC,ICC,not_applicable,,,,,,,,,ICC,,0,duplicate,,,,NA,NA,,,,,,,,,,5.0,general,blinded,retrospective,Europe
C152,Lerchbaumer_2020,inter-modality,CEUS,ceMRI,Original,Original,3,['Radiology'],">5 years (MRI readers), >10 years (CEUS examiners)",,,MRI radiologists blinded to CEUS results,Independent clinical reading,86,5,"['I', 'II', 'IIF', 'III', 'IV']",,ICC,not_applicable,,0.0638,0.51,0.76,0.558,,,0.651,Intraclass correlation coefficient,,1,,,CEUS,MRI,unspecified,original,single,n_cysts,Lerchbaumer_2020_c2,,inter-modality,4.14,0,,lower_priority,7.5,general,blinded,retrospective,Europe
C153,Lerchbaumer_2020,inter-modality,CEUS,ceMRI,Original,Original,1,['Radiology'],>5 years,,,MRI readers blinded to CEUS,Independent clinical reading,86,5,"['I', 'II', 'IIF', 'III', 'IV']",Per-category ICC,ICC,not_applicable,,,,,,,,,ICC,,0,duplicate,,,,NA,NA,,,,,,,,,,5.0,general,blinded,retrospective,Europe
C154,Lucocq_2020,inter-modality,CT,MRI,Not specified,Not specified,1,,,,,,,32,5,,,Cohen_weighted,weighted_unspecified,0.747,,,,,,,,,,0,,weight_not_specified,CT,MRI,unspecified,unspecified,single,none,Lucocq_2020_c1,no_ci;weight_not_specified,inter-modality,5.68,1,sole_estimate,,,,unclear,retrospective,Europe
C155,Lucocq_2021,inter-reader,CT/MRI,CT/MRI,Original,Original,2,"['General radiologist (initial report)', 'Specialist uroradiologist (MDT re-read)']",Not specified for initial readers; specialist uroradiologist for re-read,,,Not reported,Clinical initial report vs MDT re-read,257,5,"['II', 'IIF', 'III', 'IV']",,Cohen_linear,linear,0.65,0.0383,0.58,0.73,0.697,,,,,,1,,,CT_MRI,CT_MRI,original,original,single_pair,weight,Lucocq_2021_c1,overlap:lucocq_group,inter-reader,7.43,1,single_pair_direct,,,subspecialty,unclear,retrospective,Europe
C156,Lucocq_2021,inter-reader,CT/MRI,CT/MRI,Original,Original,2,"['General radiologist', 'Specialist uroradiologist']",Not specified,,,Not reported,Clinical initial report vs MDT re-read,257,5,"['II', 'IIF', 'III', 'IV']",,Cohen_quadratic,quadratic,0.73,0.0944,0.54,0.91,0.697,,,,,,1,,,CT_MRI,CT_MRI,original,original,single_pair,weight,Lucocq_2021_c1,overlap:lucocq_group,inter-reader,7.43,0,,duplicate_within_study,,subspecialty,unclear,retrospective,Europe
C157,Lucocq_2024,inter-reader,CT,CT,v2005,v2005,2,"['Uroradiologist (>5 years experience)', 'Uroradiologist (<5 years experience)']",>5 years uroradiology,,<5 years uroradiology,Blinded to results of other version classification,"Retrospective re-read, at least 1-month separation between v2005 and v2019 sessions",61,5,"['IIF', 'III', 'IV']",,Cohen_linear,linear,0.7,,,,,,,,,,1,,,CT,CT,original,original,single_pair,version,Lucocq_2024_c1,overlap:lucocq_group;no_ci,inter-reader,9.39,,,lower_priority_version_within_study,5.0,subspecialty,blinded,retrospective,Europe
C158,Lucocq_2024,inter-reader,CT,CT,v2019,v2019,2,"['Uroradiologist (>5 years experience)', 'Uroradiologist (<5 years experience)']",>5 years uroradiology,,<5 years uroradiology,Blinded to results of v2005 classification,"Retrospective re-read, at least 1-month separation",61,5,"['II', 'IIF', 'III', 'IV']",,Cohen_linear,linear,0.43,,,,,,,,,,1,,,CT,CT,v2019,v2019,single_pair,version,Lucocq_2024_c1,overlap:lucocq_group;no_ci,inter-reader,9.39,1,single_pair_direct,,5.0,subspecialty,blinded,retrospective,Europe
C159,Lucocq_2024,inter-version,CT,CT,v2005,v2019,1,['Uroradiologist (>5 years)'],>5 years uroradiology,,,Blinded between sessions (>=1 month apart),"Same reader, different sessions",61,4,"['II', 'IIF', 'III', 'IV']",,Cohen_linear,linear,0.48,,,,,,,,,,1,,,CT,CT,original,v2019,single,none,Lucocq_2024_c1,overlap:lucocq_group;no_ci,inter-version,4.39,1,sole_estimate,,5.0,subspecialty,blinded,retrospective,Europe
C160,McGrath_2022,inter-reader,DECT,DECT,Not specified,Not specified,,,,,,,,24,2,,,Kappa (type not specified),unspecified,,,,,,,,,,,0,not_bosniak_category,,,,NA,NA,,,,,,,,,,,,unclear,retrospective,North_America
C161,McGrath_2022,inter-reader,MRI,MRI,Not specified,Not specified,,,,,,,,24,2,,,Kappa (type not specified),unspecified,,,,,,,,,,,0,not_bosniak_category,,,,NA,NA,,,,,,,,,,,,unclear,retrospective,North_America
C162,Moreira_2013,inter-modality,CEUS,CT/MRI,Adapted for CEUS,Original,,,,,,,,18,,,,,,,,,,0.667,,,,,,0,no_stat,,,,NA,NA,,,,,,,,,,,,unclear,,
C163,Mu_2019,inter-modality,SMI,CEUS,Original,Original,2,['Sonologist/radiologist'],>=9 years in abdominal disease diagnosis,,,Blinded to each other's and pathological diagnosis,Prospective independent reading,49,3,"['IIF', 'III', 'IV']",IIF-IV only (complex cysts),Cohen_unweighted,unweighted,0.866,,,,,,,,,,1,,,SMI,CEUS,unspecified,unspecified,single,modality,Mu_2019_c1,no_ci,technical-comparison,4.51,0,single_direct,reclassified_technical_comparison,9.0,mixed,blinded,retrospective,Asia
C164,Mu_2019,inter-modality,CDFI,CEUS,Original,Original,2,['Sonologist/radiologist'],>=9 years,,,Blinded,Prospective independent reading,49,3,"['IIF', 'III', 'IV']",IIF-IV only,Cohen_unweighted,unweighted,0.574,,,,,,,,,,1,,,US,CEUS,unspecified,unspecified,single,modality,Mu_2019_c1,no_ci,technical-comparison,4.51,0,,duplicate_within_study,9.0,mixed,blinded,retrospective,Asia
C165,Mu_2019,inter-modality,CDFI,SMI,Original,Original,2,['Sonologist/radiologist'],>=9 years,,,Blinded,Prospective independent reading,55,5,"['I', 'II', 'IIF', 'III', 'IV']",,,,,,,,,,,,,,0,no_stat,,,,NA,NA,,,,,,,,,,9.0,mixed,blinded,retrospective,Asia
C166,Münch_2024,inter-reader,CEUS,CEUS,EFSUMB 2020,EFSUMB 2020,6,"['Radiology/Nephrology (2 experts, 2 intermediate, 2 beginners)']","Experts: >5 yr CEUS + research/teaching; Intermediate: >1 yr US, <30 CEUS exams; Beginners: 3 months basic US, no CEUS",,,Blinded to patient information and ultrasound reports,Retrospective re-read from stored cine-loops,84,5,"['I', 'II', 'IIF', 'III', 'IV']",,Cohen_weighted,quadratic,,,,,,,,,,,1,split_parent,,,,NA,NA,,,,,,,,,,30.0,mixed,blinded,retrospective,Europe
C167,Münch_2024,intra-reader,CEUS,CEUS,EFSUMB 2020,EFSUMB 2020,6,"['Radiology/Nephrology (2 experts, 2 intermediate, 2 beginners)']",Same as above,,,"Blinded, randomized order for repeat rating","Retrospective re-read, double rating",84,5,"['I', 'II', 'IIF', 'III', 'IV']",,quadratic_weighted_Cohen,quadratic,,,,,,,,,,,1,split_parent,,,,NA,NA,,,,,,,,,,,mixed,blinded,retrospective,Europe
C168,Münch_2024,inter-reader,CEUS,CEUS,EFSUMB 2020,EFSUMB 2020,2,['Radiology/Nephrology'],Beginners / Intermediate / Experts,,,Blinded,Retrospective re-read,84,5,"['I', 'II', 'IIF', 'III', 'IV']",,quadratic_weighted_Cohen,quadratic,,,,,,,,,,,1,split_parent,,,,NA,NA,,,,,,,,,,,mixed,blinded,retrospective,Europe
C169,Nelson_2019,inter-reader,MRI (lumbar spine T2W),MRI (lumbar spine T2W),Binary (not Bosniak categories),Binary (not Bosniak categories),2,"['Neuroradiologist (9 yr, CAQ)', 'General radiologist (7 yr)']",9 years,,7 years,Unaware of clinical or imaging report information,Retrospective independent reading; disagreements resolved by consensus,149,2,"['Simple cyst', 'Complex renal lesion']",Binary: Bosniak I (simple) vs everything else (complex),Cohen_unweighted,unweighted,0.84,,,,,,,,,,0,not_bosniak_category_agreement,,MRI,MRI,binary,binary,single_pair,none,Nelson_2019_c1,no_ci,inter-reader,8.51,0,sole_estimate,,8.0,subspecialty,unclear,retrospective,North_America
C170,Osman_2021,inter-reader,CT/MRI,CT/MRI,Original,Original,3,"['Fellowship-trained abdominal radiologist (R2, R3, R4)']",5-8 years,,,Blinded,"Retrospective re-read, 2 sessions",103,5,"['I', 'II', 'IIF', 'III', 'IV']",,kappa_unspecified,unspecified,0.39,,,,,,,,,,0,,kappa_type_not_specified;weight_not_specified,CT_MRI,CT_MRI,original,original,pooled,version,Osman_2021_c1,kappa_type_not_specified;no_ci;weight_not_specified,inter-reader,1.97,,,lower_priority_version_within_study,6.5,mixed,blinded,retrospective,North_America
C171,Osman_2021,inter-reader,CT/MRI,CT/MRI,v2019,v2019,3,['Fellowship-trained abdominal radiologist'],5-8 years,,,Blinded,Retrospective re-read,103,5,"['I', 'II', 'IIF', 'III', 'IV']",,kappa_unspecified,unspecified,0.44,,,,,,,,,,0,,kappa_type_not_specified;weight_not_specified,CT_MRI,CT_MRI,v2019,v2019,pooled,version,Osman_2021_c1,kappa_type_not_specified;no_ci;weight_not_specified,inter-reader,1.97,1,pooled_direct,,6.5,mixed,blinded,retrospective,North_America
C172,Osman_2021,inter-reader,CT/MRI,CT/MRI,Original,Original,3,['Fellowship-trained abdominal radiologist'],5-8 years,,,Blinded,Retrospective re-read with online calculator aid,103,5,"['I', 'II', 'IIF', 'III', 'IV']",,kappa_unspecified,unspecified,0.25,,,,,,,,,,0,,kappa_type_not_specified;weight_not_specified,CT_MRI,CT_MRI,original,original,pooled,version,Osman_2021_c1,kappa_type_not_specified;no_ci;weight_not_specified,inter-reader,1.97,0,,duplicate_within_study,6.5,mixed,blinded,retrospective,North_America
C173,Osman_2021,inter-reader,CT/MRI,CT/MRI,v2019,v2019,3,['Fellowship-trained abdominal radiologist'],5-8 years,,,Blinded,Retrospective re-read with online calculator aid,103,5,"['I', 'II', 'IIF', 'III', 'IV']",,kappa_unspecified,unspecified,0.42,,,,,,,,,,0,,kappa_type_not_specified;weight_not_specified,CT_MRI,CT_MRI,v2019,v2019,pooled,version,Osman_2021_c1,kappa_type_not_specified;no_ci;weight_not_specified,inter-reader,1.97,0,,duplicate_within_study,6.5,mixed,blinded,retrospective,North_America
C174,Osman_2021,intra-reader,CT/MRI,CT/MRI,Both Original and v2019,Both Original and v2019,3,['Fellowship-trained abdominal radiologist'],5-8 years,,,Blinded,Session 1 (no calculator) vs Session 2 (with calculator),103,5,"['I', 'II', 'IIF', 'III', 'IV']",,Cohen_unweighted,unweighted,,,,,,,,,,,0,split_parent,,,,NA,NA,,,,,,,,,,6.5,mixed,blinded,retrospective,North_America
C175,Osman_2021,inter-version,CT/MRI,CT/MRI,Original,v2019,3,['Fellowship-trained abdominal radiologist'],5-8 years,,,,"Same session, Original classified first then v2019",103,5,"['I', 'II', 'IIF', 'III', 'IV']",,Cohen_unweighted,unweighted,,,,,,,,,,,0,split_parent,,,,NA,NA,,,,,,,,,,6.5,mixed,unclear,retrospective,North_America
C176,Pacheco_2020,inter-reader,MRI,,CBC (current/2005),,18,9 residents + 9 fellows,3rd-year residents and abdominal imaging fellows,,,"blinded; 8-week washout; BC19 first, CBC second",independent PACS,25,5,"I, II, IIF, III, IV",,Fleiss,unweighted,0.42,0.064,0.29,0.54,,,,,,,0,,,MRI,,original,original,pooled,modality;version;n_readers,Pacheco_2020_c1,small_sample,inter-reader,-0.25,0,,lower_modality_priority,3.0,residents,blinded,retrospective,Other
C177,Pacheco_2020,inter-reader,CT,,CBC (current/2005),,18,9 residents + 9 fellows,3rd-year residents and fellows,,,blinded,independent PACS,25,5,"I, II, IIF, III, IV",,Fleiss,unweighted,0.43,0.064,0.3,0.55,,,,,,,0,,,CT,,original,original,pooled,modality;version;n_readers,Pacheco_2020_c1,small_sample,inter-reader,-0.25,,,lower_priority_version_within_study,3.0,residents,blinded,retrospective,Other
C178,Pacheco_2020,inter-reader,MRI,,BC19 (version 2019),,18,9 residents + 9 fellows,3rd-year residents and fellows,,,blinded,independent PACS,25,5,"I, II, IIF, III, IV",,Fleiss,unweighted,0.38,0.054,0.27,0.48,,,,,,,0,,,MRI,,v2019,v2019,pooled,modality;version;n_readers,Pacheco_2020_c1,small_sample,inter-reader,-0.25,0,,duplicate_within_study,3.0,residents,blinded,retrospective,Other
C179,Pacheco_2020,inter-reader,CT,,BC19 (version 2019),,18,9 residents + 9 fellows,3rd-year residents and fellows,,,blinded,independent PACS,25,5,"I, II, IIF, III, IV",,Fleiss,unweighted,0.4,0.056,0.29,0.51,,,,,,,0,,,CT,,v2019,v2019,pooled,modality;version;n_readers,Pacheco_2020_c1,small_sample,inter-reader,-0.25,1,pooled_direct,,,residents,blinded,retrospective,Other
C180,Pacheco_2020,inter-reader,MRI,,CBC,,9,abdominal imaging fellows,fellows,,,blinded,independent,25,5,"I, II, IIF, III, IV",,Fleiss,unweighted,0.51,0.066,0.38,0.64,,,,,,,0,,,MRI,,original,original,subgroup,modality;version;n_readers,Pacheco_2020_c1,small_sample,inter-reader,19.75,0,,less_preferred_structure:subgroup;lower_priority,,mixed,blinded,retrospective,Other
C181,Pacheco_2020,inter-reader,CT,,CBC,,9,fellows,fellows,,,blinded,independent,25,5,"I, II, IIF, III, IV",,Fleiss,unweighted,0.42,0.066,0.29,0.55,,,,,,,0,,,CT,,original,original,subgroup,modality;version;n_readers,Pacheco_2020_c1,small_sample,inter-reader,19.75,0,,less_preferred_structure:subgroup;lower_priority,,residents,blinded,retrospective,Other
C182,Pacheco_2020,inter-reader,MRI,,CBC,,9,3rd-year residents,3rd year,,,blinded,independent,25,5,"I, II, IIF, III, IV",,Fleiss,unweighted,0.36,0.069,0.22,0.49,,,,,,,0,,,MRI,,original,original,subgroup,modality;version;n_readers,Pacheco_2020_c1,small_sample,inter-reader,19.75,0,,less_preferred_structure:subgroup;lower_priority,3.0,residents,blinded,retrospective,Other
C183,Pacheco_2020,inter-reader,CT,,CBC,,9,residents,3rd year,,,blinded,independent,25,5,"I, II, IIF, III, IV",,Fleiss,unweighted,0.43,0.071,0.29,0.57,,,,,,,0,,,CT,,original,original,subgroup,modality;version;n_readers,Pacheco_2020_c1,small_sample,inter-reader,19.75,0,,less_preferred_structure:subgroup;lower_priority,3.0,residents,blinded,retrospective,Other
C184,Pacheco_2020,inter-reader,MRI,,BC19,,9,fellows,fellows,,,blinded,independent,25,5,"I, II, IIF, III, IV",,Fleiss,unweighted,0.36,0.059,0.24,0.47,,,,,,,0,,,MRI,,v2019,v2019,subgroup,modality;version;n_readers,Pacheco_2020_c1,small_sample,inter-reader,19.75,0,,less_preferred_structure:subgroup;lower_priority,,residents,blinded,retrospective,Other
C185,Pacheco_2020,inter-reader,CT,,BC19,,9,fellows,fellows,,,blinded,independent,25,5,"I, II, IIF, III, IV",,Fleiss,unweighted,0.41,0.069,0.28,0.55,,,,,,,0,,,CT,,v2019,v2019,subgroup,modality;version;n_readers,Pacheco_2020_c1,small_sample,inter-reader,19.75,0,,less_preferred_structure:subgroup;lower_priority,,residents,blinded,retrospective,Other
C186,Pacheco_2020,inter-reader,MRI,,BC19,,9,residents,3rd year,,,blinded,independent,25,5,"I, II, IIF, III, IV",,Fleiss,unweighted,0.38,0.061,0.26,0.5,,,,,,,0,,,MRI,,v2019,v2019,subgroup,modality;version;n_readers,Pacheco_2020_c1,small_sample,inter-reader,19.75,0,,less_preferred_structure:subgroup;lower_priority,3.0,residents,blinded,retrospective,Other
C187,Pacheco_2020,inter-reader,CT,,BC19,,9,residents,3rd year,,,blinded,independent,25,5,"I, II, IIF, III, IV",,Fleiss,unweighted,0.39,0.059,0.28,0.51,,,,,,,0,,,CT,,v2019,v2019,subgroup,modality;version;n_readers,Pacheco_2020_c1,small_sample,inter-reader,19.75,0,,less_preferred_structure:subgroup;lower_priority,3.0,residents,blinded,retrospective,Other
C188,Park_2021,inter-reader,CT,,version 2005,,2,Radiologist (genitourinary imaging),8 years,Radiologist (genitourinary imaging),5 years,blinded; random order; >=2 weeks between sessions,"independent, 4 sessions",104,4,"II, IIF, III, IV",,Cohen_weighted,linear,0.676,0.057,0.565,0.787,,,,,,,0,,,CT,,original,original,single_pair,modality;version,Park_2021_c1,,inter-reader,8.96,,,lower_priority_version_within_study,6.5,subspecialty,blinded,retrospective,Asia
C189,Park_2021,inter-reader,MRI,,version 2005,,2,Radiologist (genitourinary imaging),8 years,Radiologist (genitourinary imaging),5 years,blinded,independent,104,4,"II, IIF, III, IV",,Cohen_weighted,linear,0.782,0.05,0.684,0.881,,,,,,,0,,,MRI,,original,original,single_pair,modality;version,Park_2021_c1,,inter-reader,8.96,0,,duplicate_within_study,6.5,subspecialty,blinded,retrospective,Asia
C190,Park_2021,inter-reader,CT,,version 2019,,2,Radiologist (genitourinary imaging),8 years,Radiologist (genitourinary imaging),5 years,blinded,independent,104,4,"II, IIF, III, IV",,Cohen_weighted,linear,0.804,0.039,0.727,0.881,,,,,,,0,,,CT,,v2019,v2019,single_pair,modality;version,Park_2021_c1,,inter-reader,8.96,1,single_pair_direct,,6.5,subspecialty,blinded,retrospective,Asia
C191,Park_2021,inter-reader,MRI,,version 2019,,2,Radiologist (genitourinary imaging),8 years,Radiologist (genitourinary imaging),5 years,blinded,independent,104,4,"II, IIF, III, IV",,Cohen_weighted,linear,0.756,0.047,0.665,0.848,,,,,,,0,,,MRI,,v2019,v2019,single_pair,modality;version,Park_2021_c1,,inter-reader,8.96,0,,duplicate_within_study,6.5,subspecialty,blinded,retrospective,Asia
C192,Park_2021,inter-modality,CT,MRI,v2005,v2005,1,GU radiologist,8 years,,,blinded,independent,104,4,"II, IIF, III, IV",,Cohen_weighted,linear,0.723,0.063,0.6,0.846,0.817,,,,,,1,,,CT,MRI,original,original,single,version,Park_2021_c1,,inter-modality,3.96,,,lower_priority_version_within_study,8.0,general,blinded,retrospective,Asia
C193,Park_2021,inter-modality,CT,MRI,v2005,v2005,1,GU radiologist,5 years,,,blinded,independent,104,4,"II, IIF, III, IV",,Cohen_weighted,linear,0.711,0.059,0.595,0.827,0.769,,,,,,1,,,CT,MRI,original,original,single,version,Park_2021_c1,,inter-modality,3.96,0,,duplicate_within_study,5.0,general,blinded,retrospective,Asia
C194,Park_2021,inter-modality,CT,MRI,v2019,v2019,1,GU radiologist,8 years,,,blinded,independent,104,4,"II, IIF, III, IV",,Cohen_weighted,linear,0.704,0.057,0.593,0.816,0.75,,,,,,1,,,CT,MRI,v2019,v2019,single,version,Park_2021_c1,,inter-modality,3.96,1,single_direct,,8.0,general,blinded,retrospective,Asia
C195,Park_2021,inter-modality,CT,MRI,v2019,v2019,1,GU radiologist,5 years,,,blinded,independent,104,4,"II, IIF, III, IV",,Cohen_weighted,linear,0.781,0.05,0.683,0.879,0.808,,,,,,1,,,CT,MRI,v2019,v2019,single,version,Park_2021_c1,,inter-modality,3.96,0,,duplicate_within_study,5.0,general,blinded,retrospective,Asia
C196,Peard_2022,inter-modality,US,CT,mBosniak,mBosniak,1,pediatric urologist per institution,,,,not formally blinded,single reader per site,55,4,"1, 2, 3, 4",,Cohen_unweighted,unweighted,0.66,0.078,0.51,0.814,,,,,,,0,,,US,CT,modified,modified,single,modality;n_cysts,Peard_2022_c1,,inter-modality,4.45,1,single_direct,,,non_radiology,unblinded,retrospective,North_America
C197,Peard_2022,inter-modality,US,MRI,mBosniak,mBosniak,1,pediatric urologist,,,,not formally blinded,single reader per site,20,4,"1, 2, 3, 4",,Cohen_unweighted,unweighted,0.52,0.135,0.255,0.785,,,,,,,0,,,US,MRI,modified,modified,single,modality;n_cysts,Peard_2022_c2,small_sample,inter-modality,4.8,0,,lower_priority,,non_radiology,unblinded,retrospective,North_America
C198,Peard_2022,inter-modality,CT,MRI,mBosniak,mBosniak,1,pediatric urologist,,,,not formally blinded,single reader per site,13,4,"1, 2, 3, 4",,Cohen_unweighted,unweighted,0.476,0.159,0.164,0.788,,,,,,,0,,,CT,MRI,modified,modified,single,modality;n_cysts,Peard_2022_c3,small_sample;wide_ci,inter-modality,4.87,0,,lower_priority,,non_radiology,unblinded,retrospective,North_America
C199,Peng_2010,inter-reader,CECT,,modified Bosniak (Wallis 2008),,2,Radiologist (pediatric abdominal imaging),>10 years,Radiologist (pediatric abdominal imaging),3 years,blinded to clinical/histological data,independent retrospective,24,4,"I, II, III, IV",,kappa_unspecified,unspecified,0.864,,,,,,,,,,0,,kappa_type_not_specified;weight_not_specified,CT,,modified,modified,single_pair,modality,Peng_2010_c1,kappa_type_not_specified;no_ci;small_sample;weight_not_specified,inter-reader,12.76,1,single_pair_direct,,6.5,subspecialty,blinded,retrospective,Asia
C200,Peng_2010,inter-reader,US,,modified Bosniak (Wallis 2008),,2,Radiologist (pediatric abdominal imaging),>10 years,Radiologist (pediatric abdominal imaging),3 years,blinded,independent retrospective,24,4,"I, II, III, IV",,kappa_unspecified,unspecified,0.833,,,,,,,,,,0,,kappa_type_not_specified;weight_not_specified,US,,modified,modified,single_pair,modality,Peng_2010_c1,kappa_type_not_specified;no_ci;small_sample;weight_not_specified,inter-reader,12.76,0,,duplicate_within_study,6.5,subspecialty,blinded,retrospective,Asia
C201,Pitra_2018,inter-modality,CT,MRI,Bosniak original,Bosniak original,2,,,,,,,46,5,"I, II, IIF, III, IV",,,,,,,,0.3261,,,,,,0,no_stat,,,,NA,NA,,,,,,,,,,,,unclear,retrospective,Europe
C204,Quaia_2008,inter-reader,CEUS,,CEUS criteria,,2,radiologists,2 years,,6 years,blinded,off-site independent; 1-day intervals,40,5,5-grade confidence,,Cohen_weighted,weighted_unspecified,0.81,,,,,,,,,,0,not_bosniak_category_agreement,weight_not_specified,CEUS,,modified,modified,pairwise,modality;version,Quaia_2008_c1,weight_not_specified;no_ci,inter-reader,30.6,0,,lower_modality_priority,4.0,general,blinded,retrospective,Europe
C205,Quaia_2008,inter-reader,CEUS,,CEUS criteria,,2,radiologists,6 years,,10 years,blinded,off-site independent,40,5,5-grade confidence,,Cohen_weighted,weighted_unspecified,0.67,,,,,,,,,,0,not_bosniak_category_agreement,weight_not_specified,CEUS,,modified,modified,pairwise,modality;version,Quaia_2008_c1,weight_not_specified;no_ci,inter-reader,30.6,0,,lower_modality_priority,8.0,general,blinded,retrospective,Europe
C206,Quaia_2008,inter-reader,CEUS,,CEUS criteria,,2,radiologists,2 years,,10 years,blinded,off-site independent,40,5,5-grade confidence,,Cohen_weighted,weighted_unspecified,0.13,,,,,,,,,,0,not_bosniak_category_agreement,weight_not_specified,CEUS,,modified,modified,pairwise,modality;version,Quaia_2008_c1,weight_not_specified;no_ci,inter-reader,30.6,0,,lower_modality_priority,6.0,general,blinded,retrospective,Europe
C207,Quaia_2008,inter-reader,CT,,Bosniak,,2,radiologists,2 years,,6 years,blinded,off-site independent,40,5,5-grade Bosniak,,Cohen_weighted,weighted_unspecified,0.58,,,,,,,,,,0,not_bosniak_category_agreement,weight_not_specified,CT,,original,original,pairwise,modality;version,Quaia_2008_c1,weight_not_specified;no_ci,inter-reader,30.6,0,median_synthetic:0.5800,,4.0,general,blinded,retrospective,Europe
C208,Quaia_2008,inter-reader,CT,,Bosniak,,2,radiologists,6 years,,10 years,blinded,off-site independent,40,5,5-grade,,Cohen_weighted,weighted_unspecified,0.59,,,,,,,,,,0,not_bosniak_category_agreement,weight_not_specified,CT,,original,original,pairwise,modality;version,Quaia_2008_c1,weight_not_specified;no_ci,inter-reader,30.6,0,,pairwise_aggregated_to_median,8.0,general,blinded,retrospective,Europe
C209,Quaia_2008,inter-reader,CT,,Bosniak,,2,radiologists,2 years,,10 years,blinded,off-site independent,40,5,5-grade,,Cohen_weighted,weighted_unspecified,0.55,,,,,,,,,,0,not_bosniak_category_agreement,weight_not_specified,CT,,original,original,pairwise,modality;version,Quaia_2008_c1,weight_not_specified;no_ci,inter-reader,30.6,0,,pairwise_aggregated_to_median,6.0,general,blinded,retrospective,Europe
C210,Quaia_2008,inter-reader,US,,US criteria,,2,radiologists,2 years,,6 years,blinded,off-site independent,40,5,5-grade,,Cohen_weighted,weighted_unspecified,0.64,,,,,,,,,,0,not_bosniak_category_agreement,weight_not_specified,US,,modified,modified,pairwise,modality;version,Quaia_2008_c1,weight_not_specified;no_ci,inter-reader,30.6,0,,lower_modality_priority,4.0,general,blinded,retrospective,Europe
C211,Quaia_2008,inter-reader,US,,US criteria,,2,radiologists,6 years,,10 years,blinded,off-site independent,40,5,5-grade,,Cohen_weighted,weighted_unspecified,0.86,,,,,,,,,,0,not_bosniak_category_agreement,weight_not_specified,US,,modified,modified,pairwise,modality;version,Quaia_2008_c1,weight_not_specified;no_ci,inter-reader,30.6,0,,lower_modality_priority,8.0,general,blinded,retrospective,Europe
C212,Quaia_2008,inter-reader,US,,US criteria,,2,radiologists,2 years,,10 years,blinded,off-site independent,40,5,5-grade,,Cohen_weighted,weighted_unspecified,0.5,,,,,,,,,,0,not_bosniak_category_agreement,weight_not_specified,US,,modified,modified,pairwise,modality;version,Quaia_2008_c1,weight_not_specified;no_ci,inter-reader,30.6,0,,lower_modality_priority,6.0,general,blinded,retrospective,Europe
C213,Ragel_2016,inter-reader,CECT,,Bosniak,,2,radiologists,9 years,,6 years,blinded to alternative modality,"independent, proformas",51,5,"I, II, IIF, III, IV",,Cohen_linear,linear,0.45,0.097,0.26,0.64,0.5098,,,,,,1,,,CT,,original,original,single_pair,modality;version,Ragel_2016_c1,,inter-reader,9.49,1,single_pair_direct,,7.5,general,blinded,prospective,Europe
C214,Ragel_2016,inter-modality,CECT,CEUS,Bosniak,Bosniak,1,radiologist,9 years,,,blinded to other modality,independent,51,5,"I, II, IIF, III, IV",,Cohen_linear,linear,0.33,0.117,0.1,0.56,0.4706,,,,,,1,,,CT,CEUS,original,unspecified,single,reader_pair,Ragel_2016_c1,,inter-modality,4.49,1,single_direct,,9.0,general,blinded,prospective,Europe
C215,Ragel_2016,inter-modality,CECT,CEUS,Bosniak,Bosniak,1,radiologist,6 years,,,blinded,independent,51,5,"I, II, IIF, III, IV",,Cohen_linear,unweighted,0.1546,,,,0.3333,,,,,,1,,derived_from_table,CT,CEUS,original,unspecified,single,reader_pair,Ragel_2016_c1,derived_from_table;no_ci,inter-modality,5.49,0,,lower_priority,6.0,general,blinded,prospective,Europe
C216,Rosenkrantz_2014,inter-reader,MRI 1.5T,,Bosniak original,,2,fellowship-trained abdominal radiologists,5 years,,1 year,blinded to field strength/clinical details; randomized,independent retrospective,33,5,"I, II, IIF, III, IV",ranked 1-5,Cohen_linear,linear,0.36,,,,,,,,,,1,,,MRI,,original,original,single_pair,reader_pair,Rosenkrantz_2014_c1,no_ci,inter-reader,29.67,0,,alternative_acquisition_within_study,3.0,mixed,blinded,retrospective,North_America
C217,Rosenkrantz_2014,inter-reader,MRI 3.0T,,Bosniak original,,2,fellowship-trained abdominal radiologists,5 years,,1 year,blinded to field strength,independent retrospective,33,5,"I, II, IIF, III, IV",ranked 1-5,Cohen_linear,linear,0.508,,,,,,,,,,1,,,MRI,,original,original,single_pair,reader_pair,Rosenkrantz_2014_c1,no_ci,inter-reader,29.67,1,standard_acquisition,,3.0,mixed,blinded,retrospective,North_America
C218,Sanz_2016,inter-modality,CEUS,CT,original,original,1,['urology'],>10 years,,,"not applicable (single observer performed CEUS, CT was clinical)",prospective,67,4,"['II', 'IIF', 'III', 'IV']",,kappa_unspecified,unspecified,0.71,0.071,0.57,0.85,,,,,,,0,,kappa_type_not_specified;weight_not_specified,CEUS,CT,unspecified,original,single,n_categories;n_cysts;weight,Sanz_2016_c1,kappa_type_not_specified;weight_not_specified,inter-modality,7.33,1,full_category_preferred,,10.0,non_radiology,unclear,prospective,Europe
C219,Sanz_2016,inter-modality,CEUS,CT,original,original,1,['urology'],>10 years,,,not applicable,prospective,67,2,"['II', 'not II']",dichotomized: category II vs not,kappa_unspecified,not_applicable,0.79,0.077,0.64,0.94,,,,,,,0,supplementary_collapsed,kappa_type_not_specified,CEUS,CT,unspecified,original,single,n_categories;n_cysts;weight,Sanz_2016_c1,kappa_type_not_specified,inter-modality,6.33,0,,dichotomized_lower_information,10.0,non_radiology,unclear,prospective,Europe
C220,Sanz_2016,inter-modality,CEUS,CT,original,original,1,['urology'],>10 years,,,not applicable,prospective,67,2,"['IIF', 'not IIF']",dichotomized: category IIF vs not,kappa_unspecified,not_applicable,0.51,0.181,0.16,0.87,,,,,,,0,supplementary_collapsed,kappa_type_not_specified,CEUS,CT,unspecified,original,single,n_categories;n_cysts;weight,Sanz_2016_c1,kappa_type_not_specified;wide_ci,inter-modality,6.33,0,,duplicate_within_study,10.0,non_radiology,unclear,prospective,Europe
C221,Sanz_2016,inter-modality,CEUS,CT,original,original,1,['urology'],>10 years,,,not applicable,prospective,67,2,"['III', 'not III']",dichotomized: category III vs not,kappa_unspecified,not_applicable,0.67,0.115,0.45,0.9,,,,,,,0,supplementary_collapsed,kappa_type_not_specified,CEUS,CT,unspecified,original,single,n_categories;n_cysts;weight,Sanz_2016_c1,kappa_type_not_specified,inter-modality,6.33,0,,duplicate_within_study,10.0,non_radiology,unclear,prospective,Europe
C222,Sanz_2016,inter-modality,CEUS,CT,original,original,1,['urology'],>10 years,,,not applicable,prospective,67,2,"['IV', 'not IV']",dichotomized: category IV vs not,kappa_unspecified,not_applicable,0.72,0.117,0.49,0.95,,,,,,,0,supplementary_collapsed,kappa_type_not_specified,CEUS,CT,unspecified,original,single,n_categories;n_cysts;weight,Sanz_2016_c1,kappa_type_not_specified,inter-modality,6.33,0,,duplicate_within_study,10.0,non_radiology,unclear,prospective,Europe
C223,Sanz_2016,inter-modality,CEUS,CT,original,original,1,['urology'],>10 years,,,not applicable,prospective,66,2,"['benign (2-2F)', 'malignant (3-4)']",dichotomized: benign (Bosniak 2-2F) vs malignant (Bosniak 3-4),Cohen_unweighted,unweighted,0.74,0.084,0.58,0.91,0.879,,,,,,1,supplementary_collapsed,kappa_type_not_specified,CEUS,CT,unspecified,original,single,n_categories;n_cysts;weight,Sanz_2016_c2,kappa_type_not_specified,inter-modality,6.34,0,,lower_priority,10.0,non_radiology,unclear,prospective,Europe
C224,Seppala_2014,inter-reader,MRI,,original (with IIF),,4,"['radiology (2 staff abdominal radiologists, 2 radiology residents)']",residents to fellowship-trained staff,,,"blinded to pathology, clinical record, and original MRI report","independent, sessions of 20 cases",100,5,"['I', 'II', 'IIF', 'III', 'IV']",,ICC,not_applicable,,,,,,,,0.66,intraclass correlation coefficient (type not specified),,0,,,MRI,,original,original,pooled,n_categories;n_readers,Seppala_2014_c1,no_ci,inter-reader,-1,1,pooled_direct,,,mixed,blinded,retrospective,North_America
C225,Seppala_2014,inter-reader,MRI,,original (with IIF),,2,['fellowship-trained abdominal radiology'],staff radiologists,,,blinded,independent,100,5,"['I', 'II', 'IIF', 'III', 'IV']",,ICC,not_applicable,,,,,,,,0.63,intraclass correlation coefficient,,0,,,MRI,,original,original,pairwise,n_categories;n_readers,Seppala_2014_c1,no_ci,inter-reader,29,0,,less_preferred_structure:pairwise;lower_priority,,mixed,blinded,retrospective,North_America
C226,Seppala_2014,inter-reader,MRI,,original (with IIF),,2,['radiology residents'],residents,,,blinded,independent,100,5,"['I', 'II', 'IIF', 'III', 'IV']",,ICC,not_applicable,,,,,,,,0.59,intraclass correlation coefficient,,0,,,MRI,,original,original,pairwise,n_categories;n_readers,Seppala_2014_c1,no_ci,inter-reader,29,0,,less_preferred_structure:pairwise;lower_priority,,mixed,blinded,retrospective,North_America
C227,Seppala_2014,inter-reader,MRI,,original,,4,['radiology'],mixed,,,blinded,independent,100,2,"['I', 'not I']",category-specific,ICC,not_applicable,,,,,,,,0.55,intraclass correlation coefficient,,0,,,MRI,,original,original,pooled,n_categories;n_readers,Seppala_2014_c1,no_ci,inter-reader,-1,0,,duplicate_within_study,,general,blinded,retrospective,North_America
C228,Seppala_2014,inter-reader,MRI,,original,,4,['radiology'],mixed,,,blinded,independent,100,2,"['II', 'not II']",category-specific,ICC,not_applicable,,,,,,,,0.34,intraclass correlation coefficient,,0,,,MRI,,original,original,pooled,n_categories;n_readers,Seppala_2014_c1,no_ci,inter-reader,-1,0,,duplicate_within_study,,general,blinded,retrospective,North_America
C229,Seppala_2014,inter-reader,MRI,,original,,4,['radiology'],mixed,,,blinded,independent,100,2,"['IIF', 'not IIF']",category-specific,ICC,not_applicable,,,,,,,,0.14,intraclass correlation coefficient,,0,,,MRI,,original,original,pooled,n_categories;n_readers,Seppala_2014_c1,no_ci,inter-reader,-1,0,,duplicate_within_study,,general,blinded,retrospective,North_America
C230,Seppala_2014,inter-reader,MRI,,original,,4,['radiology'],mixed,,,blinded,independent,100,2,"['III', 'not III']",category-specific,ICC,not_applicable,,,,,,,,0.28,intraclass correlation coefficient,,0,,,MRI,,original,original,pooled,n_categories;n_readers,Seppala_2014_c1,no_ci,inter-reader,-1,0,,duplicate_within_study,,general,blinded,retrospective,North_America
C231,Seppala_2014,inter-reader,MRI,,original,,4,['radiology'],mixed,,,blinded,independent,100,2,"['IV', 'not IV']",category-specific,ICC,not_applicable,,,,,,,,0.41,intraclass correlation coefficient,,0,,,MRI,,original,original,pooled,n_categories;n_readers,Seppala_2014_c1,no_ci,inter-reader,-1,0,,duplicate_within_study,,general,blinded,retrospective,North_America
C235,Shaish_2019,inter-reader,CT and MRI (mixed),,original (pre-2019),,2,['fellowship-trained abdominal radiology'],4 years,,13 years,blinded to prospective readings and each other,"independent, with prior consensus training on 20 cases",138,3,"['IIF', 'III', 'IV']",,Cohen_weighted,weighted_unspecified,0.94,,,,,,,,,,0,,weight_not_specified,CT_MRI,,original,original,pairwise,reader_pair,Shaish_2019_c1,no_ci,inter-reader,28.62,0,,pairwise_aggregated_to_median,8.5,mixed,blinded,retrospective,North_America
C236,Shaish_2019,inter-reader,CT and MRI (mixed),,original,,2,"['fellowship-trained abdominal radiology', 'various clinical radiologists']",,,,"reader blinded, prospective was clinical",blinded retrospective vs prospective clinical,138,3,"['IIF', 'III', 'IV']",,Cohen_weighted,weighted_unspecified,0.72,,,,,,,,,,0,,weight_not_specified,CT_MRI,,original,original,pairwise,reader_pair,Shaish_2019_c1,no_ci,inter-reader,28.62,0,,pairwise_aggregated_to_median,,mixed,blinded,retrospective,North_America
C237,Shaish_2019,inter-reader,CT and MRI (mixed),,original,,2,"['fellowship-trained abdominal radiology', 'various clinical radiologists']",,,,"reader blinded, prospective was clinical",blinded retrospective vs prospective clinical,138,3,"['IIF', 'III', 'IV']",,Cohen_weighted,weighted_unspecified,0.76,,,,,,,,,,0,,weight_not_specified,CT_MRI,,original,original,pairwise,reader_pair,Shaish_2019_c1,no_ci,inter-reader,28.62,1,median_synthetic:0.7600,,,mixed,blinded,retrospective,North_America
C238,Shampain_2022,inter-reader,CT and MRI,,v2005,,8,"['radiology (4 experts/faculty, 4 residents)']","2-13 years (experts), residents",,,"blinded to each other, clinical read, histopathology","independent, after 1-hour didactic training",195,4,"['II', 'IIF', 'III', 'IV']",,Gwet_AC,weighted_unspecified,,0.023,0.42,0.51,,,0.46,,,,0,,weight_not_specified,CT_MRI,,original,original,pooled,modality;version;n_readers;n_cysts,Shampain_2022_c1,weight_not_specified,inter-reader,-0.95,,,lower_priority_version_within_study,7.5,mixed,blinded,retrospective,North_America
C239,Shampain_2022,inter-reader,CT and MRI,,v2019,,8,"['radiology (4 experts, 4 residents)']","2-13 years (experts), residents",,,blinded,"independent, after 1-hour didactic training, 9-month washout from v2005 round",195,4,"['II', 'IIF', 'III', 'IV']",,Gwet_AC,weighted_unspecified,,0.0306,0.45,0.57,,,0.51,,,,0,,weight_not_specified,CT_MRI,,v2019,v2019,pooled,modality;version;n_readers;n_cysts,Shampain_2022_c1,weight_not_specified,inter-reader,-0.95,1,pooled_direct,,,mixed,blinded,retrospective,North_America
C240,Shampain_2022,inter-reader,CT and MRI,,v2005,,4,['radiology faculty'],2-13 years,,,blinded,independent,195,4,"['II', 'IIF', 'III', 'IV']",,Gwet_AC,weighted_unspecified,,0.0281,0.43,0.54,,,0.49,,,,0,,weight_not_specified,CT_MRI,,original,original,subgroup,modality;version;n_readers;n_cysts,Shampain_2022_c1,weight_not_specified,inter-reader,19.05,0,,less_preferred_structure:subgroup;lower_priority,7.5,general,blinded,retrospective,North_America
C241,Shampain_2022,inter-reader,CT and MRI,,v2019,,4,['radiology faculty'],2-13 years,,,blinded,independent,195,4,"['II', 'IIF', 'III', 'IV']",,Gwet_AC,weighted_unspecified,,0.0383,0.47,0.62,,,0.54,,,,0,,weight_not_specified,CT_MRI,,v2019,v2019,subgroup,modality;version;n_readers;n_cysts,Shampain_2022_c1,weight_not_specified,inter-reader,19.05,0,,less_preferred_structure:subgroup;lower_priority,7.5,general,blinded,retrospective,North_America
C242,Shampain_2022,inter-reader,CT and MRI,,v2005,,4,['radiology residents'],residents,,,blinded,independent,195,4,"['II', 'IIF', 'III', 'IV']",,Gwet_AC,weighted_unspecified,,0.0281,0.42,0.53,,,0.47,,,,0,,weight_not_specified,CT_MRI,,original,original,subgroup,modality;version;n_readers;n_cysts,Shampain_2022_c1,weight_not_specified,inter-reader,19.05,0,,less_preferred_structure:subgroup;lower_priority,,mixed,blinded,retrospective,North_America
C243,Shampain_2022,inter-reader,CT and MRI,,v2019,,4,['radiology residents'],residents,,,blinded,independent,195,4,"['II', 'IIF', 'III', 'IV']",,Gwet_AC,weighted_unspecified,,0.0357,0.43,0.57,,,0.5,,,,0,,weight_not_specified,CT_MRI,,v2019,v2019,subgroup,modality;version;n_readers;n_cysts,Shampain_2022_c1,weight_not_specified,inter-reader,19.05,0,,less_preferred_structure:subgroup;lower_priority,,mixed,blinded,retrospective,North_America
C244,Shampain_2022,inter-reader,CT,,v2005,,8,['radiology'],mixed,,,blinded,independent,95,4,"['II', 'IIF', 'III', 'IV']",,Gwet_AC,weighted_unspecified,,0.0332,0.44,0.57,,,0.51,,,,0,,weight_not_specified,CT,,original,original,pooled,modality;version;n_readers;n_cysts,Shampain_2022_c2,weight_not_specified,inter-reader,0.05,0,,lower_priority,,general,blinded,retrospective,North_America
C245,Shampain_2022,inter-reader,CT,,v2019,,8,['radiology'],mixed,,,blinded,independent,95,4,"['II', 'IIF', 'III', 'IV']",,Gwet_AC,weighted_unspecified,,0.0561,0.45,0.67,,,0.56,,,,0,,weight_not_specified,CT,,v2019,v2019,pooled,modality;version;n_readers;n_cysts,Shampain_2022_c2,weight_not_specified,inter-reader,0.05,0,,lower_priority,,general,blinded,retrospective,North_America
C246,Shampain_2022,inter-reader,MRI,,v2005,,8,['radiology'],mixed,,,blinded,independent,100,4,"['II', 'IIF', 'III', 'IV']",,Gwet_AC,weighted_unspecified,,0.0306,0.37,0.49,,,0.43,,,,0,,weight_not_specified,MRI,,original,original,pooled,modality;version;n_readers;n_cysts,Shampain_2022_c3,weight_not_specified,inter-reader,0,0,,lower_priority,,general,blinded,retrospective,North_America
C247,Shampain_2022,inter-reader,MRI,,v2019,,8,['radiology'],mixed,,,blinded,independent,100,4,"['II', 'IIF', 'III', 'IV']",,Gwet_AC,weighted_unspecified,,0.0332,0.45,0.58,,,0.52,,,,0,,weight_not_specified,MRI,,v2019,v2019,pooled,modality;version;n_readers;n_cysts,Shampain_2022_c3,weight_not_specified,inter-reader,0,0,,lower_priority,,general,blinded,retrospective,North_America
C248,Shen_2023,inter-reader,MRI,,v2019,,3,"['abdominal radiology (1 year post-fellowship, 16 years post-fellowship, 1 in fellowship)']",fellowship trainee to 16 years post-fellowship,,,"blinded to radiology reports, each other, and reference standard",independent,72,6,"['Pattern A', 'Pattern B', 'Pattern C', 'Pattern D', 'Pattern E', 'Pattern F']",,Gwet_AC,weighted_unspecified,,0.0531,0.578,0.786,,,0.682,,,,0,not_bosniak_category,weight_not_specified,MRI,,v2019,v2019,pooled,none,Shen_2023_c1,weight_not_specified,inter-reader,0.28,0,,,16.0,mixed,blinded,retrospective,North_America
C249,Siegel_1997,inter-reader,CT,,"original (1986, no IIF)",,3,['radiology'],,,,blinded to pathologic diagnosis and each other; only given laterality,independent,70,4,"['I', 'II', 'III', 'IV']",,Fleiss,unweighted,0.571,,,,0.59,,,,,,0,,,CT,,original,original,pooled,none,Siegel_1997_c1,no_ci,inter-reader,-0.7,1,sole_estimate,,,general,blinded,retrospective,North_America
C251,Sun_2023,inter-reader,CEUS,,v2019,,2,['radiology (senior and junior)'],10 years,,1 year,,,212,6,,,Cohen,unspecified,0.689,,,,,,,,,,0,,weight_not_specified,CEUS,,v2019,v2019,single_pair,version;n_categories;n_cysts;weight,Sun_2023_c1,no_ci;weight_not_specified,inter-reader,8.88,1,single_pair_direct,,5.5,general,unclear,retrospective,Asia
C252,Tse_2020,inter-reader,MRI,,original (pre-2019),,2,['fellowship-trained abdominal radiology'],12,,14,blinded to all clinical and pathologic information,"independent, then consensus",59,5,"['I', 'II', 'IIF', 'III', 'IV']",,Cohen_weighted,weighted_unspecified,0.57,,,,,,,,,,0,,weight_not_specified,MRI,,original,original,single_pair,version,Tse_2020_c1,overlap:tse_group;no_ci,inter-reader,9.41,,,lower_priority_version_within_study,13.0,mixed,blinded,retrospective,North_America
C253,Tse_2020,inter-reader,MRI,,v2019,,2,['fellowship-trained abdominal radiology'],12,,14,blinded to all clinical and pathologic information,"independent, then consensus",59,5,"['I', 'II', 'IIF', 'III', 'IV']",,Cohen_weighted,weighted_unspecified,0.55,,,,,,,,,,0,,weight_not_specified,MRI,,v2019,v2019,single_pair,version,Tse_2020_c1,overlap:tse_group;no_ci,inter-reader,9.41,1,single_pair_direct,,13.0,mixed,blinded,retrospective,North_America
C254,Tse_2021_a,inter-reader,CT or MRI,,v2019,,3,fellowship-trained abdominal radiologists,"2, 13, 15 years post-fellowship",,,blinded to clinical data including histology and original report,"independent, retrospective",79,4,"['III-WS', 'III-OP', 'IV-OP', 'IV-AP']",v2019 subclasses of III and IV only,Cohen,unspecified,0.431,,,,,,,,,,0,,cohen_multi_reader;weight_not_specified,CT_MRI,,v2019,v2019,pooled,version;n_categories,Tse_2021_a_c1,cohen_multi_reader;overlap:tse_group;no_ci,inter-reader,1.21,1,pooled_direct,,10.0,mixed,blinded,retrospective,North_America
C255,Tse_2021_a,inter-reader,CT or MRI,,v2019,,3,fellowship-trained abdominal radiologists,"2, 13, 15 years post-fellowship",,,blinded,"independent, retrospective",79,2,"['III', 'IV']",v2019 main class,Cohen_unweighted,unweighted,0.431,,,,,,,,,,0,supplementary_collapsed,cohen_multi_reader,CT_MRI,,v2019,v2019,pooled,version;n_categories,Tse_2021_a_c1,cohen_multi_reader;overlap:tse_group;no_ci,inter-reader,1.21,0,,duplicate_within_study,10.0,mixed,blinded,retrospective,North_America
C256,Tse_2021_a,inter-reader,CT or MRI,,original (prior),,3,fellowship-trained abdominal radiologists,"2, 13, 15 years post-fellowship",,,blinded,"independent, retrospective",79,2,"['III', 'IV']",prior main class,Cohen_unweighted,unweighted,0.283,,,,,,,,,,0,,cohen_multi_reader,CT_MRI,,original,original,pooled,version;n_categories,Tse_2021_a_c1,cohen_multi_reader;overlap:tse_group;no_ci,inter-reader,1.21,0,,lower_priority_version_within_study,10.0,mixed,blinded,retrospective,North_America
C257,Tse_2021_a,inter-reader,CT or MRI,,v2019,,2,,,,,,,79,4,"['III-WS', 'III-OP', 'IV-OP', 'IV-AP']",,Cohen,unweighted,,,,,,,,,,,0,duplicate,,,,NA,NA,,,,,,,,,,,,unclear,retrospective,North_America
C258,Tse_2021_a,inter-reader,,,v2019,,2,,,,,,,79,2,,,Cohen,unweighted,,,,,,,,,,,0,duplicate,,,,NA,NA,,,,,,,,,,,,unclear,retrospective,North_America
C260,Tse_2021_b,inter-reader,CT,,v2019,,3,fellowship-trained abdominal radiologists,"2, 13, 15 years",,,"blinded to clinical info, pathology, original report","independent, retrospective, separate sessions for CT and MRI",68,5,"['I', 'II', 'IIF', 'III', 'IV']",full 5-category,Cohen_weighted,weighted_unspecified,0.745,,,,,,,,,,0,,,,,NA,NA,pooled,,Tse_2021_b_c1,,inter-reader,,0,,lower_priority_version_within_study,10.0,mixed,blinded,retrospective,North_America
C261,Tse_2021_b,inter-reader,MRI,,v2019,,3,,,,,,,68,5,"['I', 'II', 'IIF', 'III', 'IV']",,Cohen_weighted,weighted_unspecified,0.655,,,,,,,,,,0,,,,,NA,NA,pooled,,Tse_2021_b_c1,,inter-reader,,1,,,,,unclear,retrospective,North_America
C262,Tse_2021_b,inter-reader,CT,,original,,3,,,,,,,68,5,,,Cohen_weighted,weighted_unspecified,0.707,,,,,,,,,,0,,,,,NA,NA,pooled,,Tse_2021_b_c1,,inter-reader,,0,,lower_priority_version_within_study,,,unclear,retrospective,North_America
C263,Tse_2021_b,inter-reader,MRI,,original,,3,,,,,,,68,5,,,Cohen_weighted,weighted_unspecified,0.623,,,,,,,,,,0,,,,,NA,NA,pooled,,Tse_2021_b_c1,,inter-reader,,0,,lower_priority_version_within_study,,,unclear,retrospective,North_America
C264,Tse_2021_b,inter-modality,CT,MRI,v2019,,3,,,,,,,68,5,,,,,,,,,0.71,,,,,,0,no_stat,,,,NA,NA,,,,,,,,,,,,unclear,retrospective,North_America
C265,Tse_2021_b,inter-modality,CT,MRI,original,,3,,,,,,,68,5,,,,,,,,,0.71,,,,,,0,no_stat,,,,NA,NA,,,,,,,,,,,,unclear,retrospective,North_America
C267,Tse_2022,inter-reader,CT (SOC 2.5-3mm),,v2019,,3,fellowship-trained abdominal radiologists,"1, 4, 14 years",,,"not stated explicitly, but retrospective independent review","independent, retrospective, SOC session first",131,5,"['I', 'II', 'IIF', 'III', 'IV']",,Cohen_weighted,weighted_unspecified,0.691,,,,,,,,,,0,,cohen_multi_reader;weight_not_specified,CT,,v2019,v2019,pooled,reader_pair,Tse_2022_c1,weight_not_specified;cohen_multi_reader;overlap:tse_group;no_ci,inter-reader,1.69,1,pooled_direct,,6.33,mixed,unclear,retrospective,North_America
C268,Tse_2022,inter-reader,CT (thin <=1mm),,v2019,,3,fellowship-trained abdominal radiologists,"1, 4, 14 years",,,,,131,5,,,Cohen_weighted,weighted_unspecified,0.679,,,,,,,,,,0,,cohen_multi_reader;weight_not_specified,CT,,v2019,v2019,pooled,reader_pair,Tse_2022_c1,weight_not_specified;cohen_multi_reader;overlap:tse_group;no_ci,technical-comparison,1.69,0,,duplicate_within_study,6.33,mixed,unclear,retrospective,North_America
C269,Tse_2022,intra-reader,CT (SOC),CT (thin),v2019,,1,,,,,,,131,5,,,weighted Cohen's kappa (intra-rater),weighted,,,,,,,,,,,0,split_parent,,,,NA,NA,,,,,,,,,,,,unclear,retrospective,North_America
C270,Valentino_2010,inter-modality,CT,CEUS,,,,,,,,,,108,,,,,,,,,,0.87,,,,,,0,no_stat,,,,NA,NA,,,,,,,,,,,,unclear,,
C271,Walmer_2023,inter-reader,CEUS (flash replenishment),,,,4,radiologists,0.25-3 years CEUS experience,,,,,63,3,Malignant/Indeterminate/Benign (collapsed Bosniak III-IV/IIF/I-II),,Cohen_unweighted,unweighted,,,,,,,,,,,1,split_parent,,,,NA,NA,,,,,,,,,,1.62,general,unclear,,North_America
C272,Weibl_2011,inter-reader,CT,,"original (with IIF, post-2003)",,2,radiologists (4-30yr experience in Group 1; >=10yr in Group 2),,,,Group 2 blinded to initial diagnosis and other reviewers,,71,4,"['II', 'IIF', 'III', 'IV']",,,,,,,,0.4648,,,,,,0,no_stat,,,,NA,NA,,,,,,,,,,,general,blinded,retrospective,Europe
C273,Weibl_2011,inter-reader,CT,,original (with IIF),,2,radiologists vs urologist,,,,Group 3 blinded to initial diagnosis,,71,4,"['II', 'IIF', 'III', 'IV']",,,,,,,,0.8028,,,,,,0,no_stat,,,,NA,NA,,,,,,,,,,,mixed,blinded,retrospective,Europe
C274,Weibl_2011,inter-reader,CT,,original (with IIF),,2,,,,,,,71,4,,,,,,,,,0.59,,,,,,0,no_stat,,,,NA,NA,,,,,,,,,,,,unclear,retrospective,Europe
C275,Yan_2021,inter-reader,CT or MRI,,v2019,,3,junior fellowship-trained abdominal radiologists,1-2 years post-fellowship,,,"blinded to pathology, demographics, original report",independent,73,5,"['I', 'II', 'IIF', 'III', 'IV']",,Cohen's kappa,unweighted,,,,,,,,,,,0,split_parent,,,,NA,NA,,,,,,,,,,1.5,mixed,blinded,retrospective,North_America
C276,Yan_2021,inter-reader,CT or MRI,,original,,3,,,,,,,73,5,,,Cohen's kappa,unweighted,,,,,,,,,,,0,split_parent,,,,NA,NA,,,,,,,,,,,,unclear,retrospective,North_America
C277,Yan_2021,inter-reader,,,v2019,,,,,,,,,15,,,,Cohen's kappa,,,,,,,,,,,,,split_parent,,,,NA,NA,,,,,,,,,,,,unclear,retrospective,North_America
C278,Yan_2021,inter-reader,,,v2019,,,,,,,,,28,,,,Cohen's kappa,,,,,,,,,,,,,split_parent,,,,NA,NA,,,,,,,,,,,,unclear,retrospective,North_America
C279,Yan_2021,inter-reader,,,v2019,,,,,,,,,28,,,,Cohen's kappa,,,,,,,,,,,,,split_parent,,,,NA,NA,,,,,,,,,,,,unclear,retrospective,North_America
C283,Yan_2021,inter-version,,,v2019,original,,,,,,,,73,,,,,,,,,,,,,,,,1,no_stat,,,,NA,NA,,,,,,,,,,,,unclear,retrospective,North_America
C284,Yenice_2020,inter-modality,CT,MRI,1986,1986,2,"['abdominal radiology', 'abdominal radiology']",,,,"blinded to clinical and pathology information; CT evaluated first, MRI evaluated 1 month later with CT results withheld",independent then consensus,102,4,"['II', 'IIF', 'III', 'IV']",,Cohen_unweighted,unweighted,0.571,,,,0.755,,,,,,1,,,CT,MRI,original,original,single,none,Yenice_2020_c1,no_ci,inter-modality,3.98,1,sole_estimate,,,subspecialty,blinded,retrospective,Asia
C285,Yenice_2020,inter-reader,CT,CT,1986,1986,2,"['abdominal radiology', 'abdominal radiology']",,,,blinded to clinical and pathology information; independent reading,independent,102,4,"['II', 'IIF', 'III', 'IV']",,Cohen_unweighted,unweighted,0.788,,,,0.882,,,,,,1,,,CT,CT,original,original,single_pair,modality,Yenice_2020_c1,no_ci,inter-reader,8.98,1,single_pair_direct,,,subspecialty,blinded,retrospective,Asia
C286,Yenice_2020,inter-reader,MRI,MRI,1986,1986,2,"['abdominal radiology', 'abdominal radiology']",,,,blinded to clinical and pathology information; independent reading; CT results withheld,independent,102,4,"['II', 'IIF', 'III', 'IV']",,Cohen_unweighted,unweighted,0.75,,,,0.853,,,,,,1,,,MRI,MRI,original,original,single_pair,modality,Yenice_2020_c1,no_ci,inter-reader,8.98,0,,duplicate_within_study,,subspecialty,blinded,retrospective,Asia
C287,Zhong_2017,inter-reader,CT,CT,1986,1986,2,"['radiology (senior, CT and MR diagnosis)', 'radiology (senior, CT and MR diagnosis)']",22 years,,25 years,blinded to previous imaging reports and pathological results,consensus (agreement assessed before finalizing consensus),35,4,,,Cohen,unspecified,0.919,,,,,,,,,,0,,weight_not_specified,CT,CT,original,original,single_pair,modality,Zhong_2017_c1,no_ci;weight_not_specified,inter-reader,10.65,1,single_pair_direct,,23.5,general,blinded,retrospective,Asia
C288,Zhong_2017,inter-reader,MRI,MRI,1986,1986,2,"['radiology (senior, CT and MR diagnosis)', 'radiology (senior, CT and MR diagnosis)']",22 years,,25 years,blinded to previous imaging reports and pathological results,consensus (agreement assessed before finalizing consensus),35,4,,,Cohen,unspecified,0.956,,,,,,,,,,0,,weight_not_specified,MRI,MRI,original,original,single_pair,modality,Zhong_2017_c1,no_ci;extreme_value;weight_not_specified,inter-reader,10.65,0,,duplicate_within_study,23.5,general,blinded,retrospective,Asia
C289,Zhong_2017,inter-modality,CT,MRI,1986,1986,2,"['radiology (senior)', 'radiology (senior)']",22 years,,25 years,blinded to previous imaging reports and pathological results,consensus,35,4,"['II', 'IIF', 'III', 'IV']",,Cohen_unweighted,unweighted,0.659,,,,0.77,,,,,,1,,derived_from_table,CT,MRI,original,original,single,none,Zhong_2017_c1,derived_from_table;no_ci,inter-modality,5.65,1,sole_estimate,,23.5,general,blinded,retrospective,Asia
C290,Arita_2022,inter-reader,CT,,2019,,3,,,,,,,103,5,"I, II, IIF, III, IV",,Fleiss,unweighted,0.77,,,,,,,,,,0,,,CT,,v2019,v2019,pooled,modality,Arita_2022_c1,no_ci,inter-reader,28.97,1,pooled_direct,,,,unclear,retrospective,Asia
C291,Arita_2022,inter-reader,CT,,2019,,3,,,,,,,103,5,"I, II, IIF, III, IV",,Fleiss,unweighted,0.63,,,,,,,,,,0,,,CT,,v2019,v2019,pooled,modality,Arita_2022_c1,no_ci,inter-reader,28.97,0,,subgroup_not_representative,,,unclear,retrospective,Asia
C292,Arita_2022,inter-reader,CT,,2019,,3,,,,,,,103,5,"I, II, IIF, III, IV",,Fleiss,unweighted,0.58,,,,,,,,,,0,,,CT,,v2019,v2019,pooled,modality,Arita_2022_c1,no_ci,inter-reader,28.97,0,,subgroup_not_representative,,,unclear,retrospective,Asia
C293,Arita_2022,inter-reader,CT+MRI,,2019,,3,,,,,,,103,5,"I, II, IIF, III, IV",,Fleiss,unweighted,0.78,,,,,,,,,,0,,,CT_MRI,,v2019,v2019,pooled,modality,Arita_2022_c1,no_ci,technical-comparison,28.97,0,,non_target_group,,,unclear,retrospective,Asia
C294,Arita_2022,inter-reader,CT+MRI,,2019,,3,,,,,,,103,5,"I, II, IIF, III, IV",,Fleiss,unweighted,0.65,,,,,,,,,,0,,,CT_MRI,,v2019,v2019,pooled,modality,Arita_2022_c1,no_ci,technical-comparison,28.97,0,,non_target_group,,,unclear,retrospective,Asia
C295,Arita_2022,inter-reader,CT+MRI,,2019,,3,,,,,,,103,5,"I, II, IIF, III, IV",,Fleiss,unweighted,0.61,,,,,,,,,,0,,,CT_MRI,,v2019,v2019,pooled,modality,Arita_2022_c1,no_ci,technical-comparison,28.97,0,,non_target_group,,,unclear,retrospective,Asia
C302,Bai_2020,inter-reader,MRI,,2019,,8,,,,,,,207,5,all classes,,Cohen_weighted,weighted_unspecified,0.64,,0.6,0.68,,,,,,,0,,cohen_multi_reader;weight_not_specified,MRI,,v2019,v2019,pooled,version;n_readers;n_cysts,Bai_2020_c1,cohen_multi_reader;weight_not_specified,inter-reader,0.93,1,pooled_direct,,,,unclear,retrospective,Asia
C303,Bai_2020,inter-reader,MRI,,2005,,8,,,,,,,207,5,all classes,,Cohen_weighted,weighted_unspecified,0.5,,0.46,0.55,,,,,,,0,,cohen_multi_reader;weight_not_specified,MRI,,original,original,pooled,version;n_readers;n_cysts,Bai_2020_c1,cohen_multi_reader;weight_not_specified,inter-reader,0.93,0,,duplicate_within_study,,,unclear,retrospective,Asia
C304,Bai_2020,inter-reader,MRI,,2019,,8,,,,,,,147,3,"class II,IIF,III (v2019 cohort)",,Cohen_weighted,weighted_unspecified,0.53,,0.48,0.58,,,,,,,0,,cohen_multi_reader;weight_not_specified,MRI,,v2019,v2019,pooled,version;n_readers;n_cysts,Bai_2020_c2,cohen_multi_reader;weight_not_specified,inter-reader,1.53,0,,lower_priority,,,unclear,retrospective,Asia
C305,Bai_2020,inter-reader,MRI,,2005,,8,,,,,,,147,3,"class II,IIF,III (v2019 cohort)",,Cohen_weighted,weighted_unspecified,0.37,,0.32,0.41,,,,,,,0,,cohen_multi_reader;weight_not_specified,MRI,,original,original,pooled,version;n_readers;n_cysts,Bai_2020_c2,cohen_multi_reader;weight_not_specified,inter-reader,1.53,0,,lower_priority,,,unclear,retrospective,Asia
C306,Bai_2020,inter-reader,MRI,,2019,,8,,,,,,,123,3,"class II,IIF,III (v2005 cohort)",,Cohen_weighted,weighted_unspecified,0.56,,0.52,0.61,,,,,,,0,,cohen_multi_reader;weight_not_specified,MRI,,v2019,v2019,pooled,version;n_readers;n_cysts,Bai_2020_c3,cohen_multi_reader;weight_not_specified,inter-reader,1.77,0,,lower_priority,,,unclear,retrospective,Asia
C307,Bai_2020,inter-reader,MRI,,2005,,8,,,,,,,123,3,"class II,IIF,III (v2005 cohort)",,Cohen_weighted,weighted_unspecified,0.35,,0.31,0.4,,,,,,,0,,cohen_multi_reader;weight_not_specified,MRI,,original,original,pooled,version;n_readers;n_cysts,Bai_2020_c3,cohen_multi_reader;weight_not_specified,inter-reader,1.77,0,,lower_priority,,,unclear,retrospective,Asia
C308,Bai_2020,inter-reader,MRI,,2019,,4,,,,,,,207,5,all classes,,Cohen_weighted,weighted_unspecified,0.65,,0.6,0.69,,,,,,,0,,cohen_multi_reader;weight_not_specified,MRI,,v2019,v2019,subgroup,version;n_readers;n_cysts,Bai_2020_c1,cohen_multi_reader;weight_not_specified,inter-reader,20.93,0,,less_preferred_structure:subgroup;lower_priority,,,unclear,retrospective,Asia
C309,Bai_2020,inter-reader,MRI,,2019,,4,,,,,,,207,5,all classes,,Cohen_weighted,weighted_unspecified,0.64,,0.59,0.68,,,,,,,0,,cohen_multi_reader;weight_not_specified,MRI,,v2019,v2019,subgroup,version;n_readers;n_cysts,Bai_2020_c1,cohen_multi_reader;weight_not_specified,inter-reader,20.93,0,,less_preferred_structure:subgroup;lower_priority,,,unclear,retrospective,Asia
C310,Bai_2020,inter-reader,MRI,,2005,,4,,,,,,,207,5,all classes,,Cohen_weighted,weighted_unspecified,0.54,,0.49,0.59,,,,,,,0,,cohen_multi_reader;weight_not_specified,MRI,,original,original,subgroup,version;n_readers;n_cysts,Bai_2020_c1,cohen_multi_reader;weight_not_specified,inter-reader,20.93,0,,less_preferred_structure:subgroup;lower_priority,,,unclear,retrospective,Asia
C311,Bai_2020,inter-reader,MRI,,2005,,4,,,,,,,207,5,all classes,,Cohen_weighted,weighted_unspecified,0.46,,0.41,0.51,,,,,,,0,,cohen_multi_reader;weight_not_specified,MRI,,original,original,subgroup,version;n_readers;n_cysts,Bai_2020_c1,cohen_multi_reader;weight_not_specified,inter-reader,20.93,0,,less_preferred_structure:subgroup;lower_priority,,,unclear,retrospective,Asia
C326,Destefani_2017,inter-reader,US,,unspecified,unspecified,2,,,,,,,98,2,minimally complex vs complex,,Cohen_unweighted,unweighted,0.704,,0.517,0.892,,,,,,,0,supplementary_collapsed,,US,,unspecified,unspecified,single_pair,modality;n_categories,Destefani_2017_c1,,inter-reader,9.02,0,,lower_priority,,,unclear,retrospective,Other
C327,Destefani_2017,inter-reader,CT/MRI,,2005,,2,,,,,,,98,5,"I, II, IIF, III, IV",,Cohen_unweighted,unweighted,0.745,,0.631,0.859,,,,,,,0,,,CT_MRI,,original,original,single_pair,modality;n_categories,Destefani_2017_c1,,inter-reader,9.02,1,single_pair_direct,,,,unclear,retrospective,Other
C328,Ferreira_2016,inter-reader,CT,,2005,,2,,,,,,,42,5,"I, II, IIF, III, IV",,Cohen_unweighted,unweighted,0.876,,0.69,1,,,,,,,0,,,CT,,original,original,single_pair,modality,Ferreira_2016_c1,,inter-reader,9.58,1,single_pair_direct,,,,unclear,retrospective,Other
C329,Ferreira_2016,inter-reader,MRI,,2005,,2,,,,,,,42,5,"I, II, IIF, III, IV",,Cohen_unweighted,unweighted,0.934,,0.75,1,,,,,,,0,,,MRI,,original,original,single_pair,modality,Ferreira_2016_c1,,inter-reader,9.58,0,,duplicate_within_study,,,unclear,retrospective,Other
C330,Frumer_2021,inter-reader,all modalities,,modified Bosniak,,4,,,,,,,7,4,individual categories (I-IV),,Krippendorff_alpha,unweighted,,,0,0.22,,,,,,0.07,0,,,CT_MRI,,modified,modified,pooled,modality;n_categories,Frumer_2021_c1,small_sample,inter-reader,-0.14,0,,lower_modality_priority,,,unclear,retrospective,Asia
C331,Frumer_2021,inter-reader,all modalities,,modified Bosniak,,4,,,,,,,7,2,binary (I-II vs III-IV),,Krippendorff_alpha,unweighted,,,0,0.34,,,,,,0.08,0,,,CT_MRI,,modified,modified,pooled,modality;n_categories,Frumer_2021_c1,small_sample,inter-reader,-0.14,0,,duplicate_within_study,,,unclear,retrospective,Asia
C332,Frumer_2021,inter-reader,US,,modified Bosniak,,4,,,,,,,7,4,"US, individual categories",,Krippendorff_alpha,unweighted,,,0,0.27,,,,,,0.03,0,,,US,,modified,modified,pooled,modality;n_categories,Frumer_2021_c1,small_sample,inter-reader,-0.14,0,,duplicate_within_study,,,unclear,retrospective,Asia
C333,Frumer_2021,inter-reader,CECT,,modified Bosniak,,4,,,,,,,7,4,"CECT, individual categories",,Krippendorff_alpha,unweighted,,,0,0.43,,,,,,0.1,0,,,CT,,modified,modified,pooled,modality;n_categories,Frumer_2021_c1,small_sample,inter-reader,-0.14,0,pooled_direct,not_kappa_metric,,,unclear,retrospective,Asia
C334,Frumer_2021,inter-reader,MRI,,modified Bosniak,,4,,,,,,,7,4,"MRI, individual categories",,Krippendorff_alpha,unweighted,,,0,0.33,,,,,,0.1,0,,,MRI,,modified,modified,pooled,modality;n_categories,Frumer_2021_c1,small_sample,inter-reader,-0.14,0,,duplicate_within_study,,,unclear,retrospective,Asia
C335,Frumer_2021,inter-reader,US,,modified Bosniak,,4,,,,,,,7,2,"US, binary",,Krippendorff_alpha,unweighted,,,0,0.5,,,,,,0.15,0,,,US,,modified,modified,pooled,modality;n_categories,Frumer_2021_c1,small_sample,inter-reader,-0.14,0,,duplicate_within_study,,,unclear,retrospective,Asia
C336,Frumer_2021,inter-reader,CECT,,modified Bosniak,,4,,,,,,,7,2,"CECT, binary",,Krippendorff_alpha,unweighted,,,0,0.81,,,,,,0.26,0,,,CT,,modified,modified,pooled,modality;n_categories,Frumer_2021_c1,small_sample;wide_ci,inter-reader,-0.14,0,,duplicate_within_study,,,unclear,retrospective,Asia
C337,Frumer_2021,inter-reader,MRI,,modified Bosniak,,4,,,,,,,7,2,"MRI, binary",,Krippendorff_alpha,unweighted,,,0,0.3,,,,,,0,0,,,MRI,,modified,modified,pooled,modality;n_categories,Frumer_2021_c1,small_sample,inter-reader,-0.14,0,,duplicate_within_study,,,unclear,retrospective,Asia
C339,Járay_2023,inter-modality,MV-flow,CEUS (unweighted),2005,,1,,,,,,,28,6,"B1, B2, B2F, B3, B4, mass",,Fleiss,unweighted,0.721,0.101,0.523,0.919,,,,,,,1,,,MV_flow,CEUS,unspecified,unspecified,single,modality;version;n_categories;n_cysts;weight,Járay_2023_c2,small_sample,technical-comparison,4.72,0,sole_estimate,reclassified_technical_comparison,,,unclear,retrospective,Europe
C340,Járay_2023,inter-modality,MV-flow,CEUS binary (benign,2005,,1,,,,,,,92,2,benign vs malignant,,Fleiss,unweighted,0.811,,,,,,,,,,0,not_bosniak_category_agreement,,MV_flow,CEUS,unspecified,unspecified,single,modality;version;n_categories;n_cysts;weight,Járay_2023_c1,no_ci,inter-modality,4.08,0,single_direct,,,,unclear,retrospective,Europe
C343,Járay_2023,inter-modality,CE-MV-flow,CEUS,2005,,1,,,,,,,16,6,"B1, B2, B2F, B3, B4, mass",,Fleiss,unspecified,0.79,,,,,,,,,,0,,weight_not_specified,MV_flow,CEUS,unspecified,unspecified,single,modality;version;n_categories;n_cysts;weight,Járay_2023_c1,no_ci;weight_not_specified,technical-comparison,5.08,0,,lower_priority,,,unclear,retrospective,Europe
C344,Járay_2023,inter-modality,MV-flow,CEUS (16 cases subgroup),2005,,1,,,,,,,16,6,"B1, B2, B2F, B3, B4, mass",,Fleiss,unspecified,0.69,,,,,,,,,,0,,weight_not_specified,MV_flow,CEUS,unspecified,unspecified,single,modality;version;n_categories;n_cysts;weight,Járay_2023_c1,no_ci;weight_not_specified,technical-comparison,5.08,0,,lower_priority,,,unclear,retrospective,Europe
C348,Lee_2020,inter-reader,CEUS,,2019,,2,genitourinary radiology,10 years,senior radiology resident,4 years,,,54,5,"I, II, IIF, III, IV",,Cohen_weighted,weighted_unspecified,0.49,,0.28,0.7,0.704,,,,,,0,,weight_not_specified,CEUS,,v2019,v2019,single_pair,modality,Lee_2020_c1,weight_not_specified,inter-reader,10.46,0,,lower_modality_priority,7.0,mixed,unclear,retrospective,Asia
C349,Lee_2020,inter-reader,CECT,,2019,,2,genitourinary radiology,10 years,senior radiology resident,4 years,,,54,5,"I, II, IIF, III, IV",,Cohen_weighted,weighted_unspecified,0.36,,0.15,0.56,0.593,,,,,,0,,weight_not_specified,CT,,v2019,v2019,single_pair,modality,Lee_2020_c1,weight_not_specified,inter-reader,10.46,1,single_pair_direct,,7.0,mixed,unclear,retrospective,Asia
C350,Lee_2020,inter-modality,CEUS,CECT,2019,,2,genitourinary radiology,10 years,senior radiology resident,4 years,,,54,5,"I, II, IIF, III, IV",,Cohen_weighted,weighted_unspecified,0.24,,0.04,0.44,,,,,,,0,,weight_not_specified,CEUS,CT,v2019,v2019,single,reader_pair,Lee_2020_c1,weight_not_specified,inter-modality,5.46,1,single_direct,,7.0,mixed,unclear,retrospective,Asia
C351,Lee_2020,inter-modality,CEUS,CECT,2019,,2,genitourinary radiology,10 years,senior radiology resident,4 years,,,54,5,"I, II, IIF, III, IV",,Cohen_weighted,weighted_unspecified,0.37,,0.16,0.58,,,,,,,0,,weight_not_specified,CEUS,CT,v2019,v2019,single,reader_pair,Lee_2020_c1,weight_not_specified,inter-modality,5.46,0,,duplicate_within_study,7.0,mixed,unclear,retrospective,Asia
C352,Tshering_Vogel_2021,inter-modality,CEUS,CT,2005,,1,,,,,,,65,5,CEUS vs CT all categories,,Cohen_unweighted,unweighted,0.389,0.056,,,0.51,,,,,,1,,,CEUS,CT,unspecified,original,single,modality;n_categories,Tshering Vogel_2021_c1,,inter-modality,4.35,1,single_direct,,,,unclear,prospective,Europe
C353,Tshering_Vogel_2021,inter-modality,CEUS,CT,2005,,1,,,,,,,65,2,CEUS vs CT surgical vs non-surgical,,Cohen_unweighted,unweighted,0.31,0.09,,,,,,,,,1,supplementary_collapsed,,CEUS,CT,unspecified,original,single,modality;n_categories,Tshering Vogel_2021_c1,,inter-modality,4.35,0,,duplicate_within_study,,,unclear,prospective,Europe
C354,Tshering_Vogel_2021,inter-modality,MRI,CT,2005,,1,,,,,,,65,5,MRI vs CT all categories,,Cohen_unweighted,unweighted,0.708,0.071,,,0.8,,,,,,1,,,MRI,CT,original,original,single,modality;n_categories,Tshering Vogel_2021_c1,,inter-modality,4.35,0,,lower_modality_priority,,,unclear,prospective,Europe
C355,Tshering_Vogel_2021,inter-modality,MRI,CT,2005,,1,,,,,,,65,2,MRI vs CT surgical vs non-surgical,,Cohen_unweighted,unweighted,0.88,0.12,,,0.939,,,,,,1,supplementary_collapsed,,MRI,CT,original,original,single,modality;n_categories,Tshering Vogel_2021_c1,,inter-modality,4.35,0,,duplicate_within_study,,,unclear,prospective,Europe
C356,Urraro_2026,inter-modality,SMI,CEUS,2019,,2,,,,,,,92,5,"I, II, IIF, III, IV (Bosniak 2019)",,Cohen,unspecified,0.84,,0.76,0.91,0.837,,,,,,0,,weight_not_specified,SMI,CEUS,v2019,v2019,single,none,Urraro_2026_c1,,technical-comparison,4.08,1,sole_estimate,,,,unclear,retrospective,Europe
C357,Urraro_2026,inter-reader,SMI,,2019,,2,,,,,,,92,5,"I, II, IIF, III, IV (Bosniak 2019)",,Cohen,unspecified,0.88,,,,,,,,,,0,,weight_not_specified,SMI,,v2019,v2019,pairwise,modality,Urraro_2026_c1,no_ci,inter-reader,29.08,0,,lower_modality_priority,,,unclear,retrospective,Europe
C358,Urraro_2026,inter-reader,SMI,,2019,,2,,,,,,,92,5,"I, II, IIF, III, IV (Bosniak 2019)",,Cohen,unspecified,0.76,,,,,,,,,,0,,weight_not_specified,SMI,,v2019,v2019,pairwise,modality,Urraro_2026_c1,no_ci,inter-reader,29.08,0,,pairwise_aggregated_to_median,,,unclear,retrospective,Europe
C359,Urraro_2026,inter-reader,CEUS,,2019,,2,,,,,,,92,5,"I, II, IIF, III, IV (Bosniak 2019)",,Cohen,unspecified,0.91,,,,,,,,,,0,,weight_not_specified,CEUS,,v2019,v2019,pairwise,modality,Urraro_2026_c1,no_ci,inter-reader,29.08,0,median_synthetic:0.8650,unsupported_main_mapping,,,unclear,retrospective,Europe
C360,Urraro_2026,inter-reader,CEUS,,2019,,2,,,,,,,92,5,"I, II, IIF, III, IV (Bosniak 2019)",,Cohen,unspecified,0.82,,,,,,,,,,0,,weight_not_specified,CEUS,,v2019,v2019,pairwise,modality,Urraro_2026_c1,no_ci,inter-reader,29.08,0,,pairwise_aggregated_to_median,,,unclear,retrospective,Europe
C361,Urraro_2026,intra-reader,SMI,,2019,,2,,,,,,,20,5,"I, II, IIF, III, IV (Bosniak 2019)",,ICC,not_applicable,,,,,,,,0.91,unspecified,,0,,,SMI,,v2019,v2019,single,modality,Urraro_2026_c1,no_ci,intra-reader,4.08,0,,lower_modality_priority,,,unclear,retrospective,Europe
C362,Urraro_2026,intra-reader,CEUS,,2019,,2,,,,,,,20,5,"I, II, IIF, III, IV (Bosniak 2019)",,ICC,not_applicable,,,,,,,,0.94,unspecified,,0,,,CEUS,,v2019,v2019,single,modality,Urraro_2026_c1,no_ci,intra-reader,4.08,0,single_direct,non_kappa_descriptive,,,unclear,retrospective,Europe
C363,Verzotti_2019,inter-reader,CT,,Not specified,,2,,,,,,,36,5,Bosniak categories,,Cohen_weighted,weighted_unspecified,0.75,,,,,,,,,,0,,weight_not_specified,CT,,unspecified,unspecified,single_pair,modality,Verzotti_2019_c1,no_ci;weight_not_specified,inter-reader,10.64,1,single_pair_direct,,,,unclear,retrospective,Europe
C364,Verzotti_2019,inter-reader,MRI,,Not specified,,2,,,,,,,36,5,Bosniak categories,,Cohen_weighted,weighted_unspecified,0.86,,,,,,,,,,0,,weight_not_specified,MRI,,unspecified,unspecified,single_pair,modality,Verzotti_2019_c1,no_ci;weight_not_specified,inter-reader,10.64,0,,duplicate_within_study,,,unclear,retrospective,Europe
C365,Verzotti_2019,inter-reader,CEUS,,Not specified,,2,,,,,,,36,5,Bosniak categories,,Cohen_weighted,weighted_unspecified,0.79,,,,,,,,,,0,,weight_not_specified,CEUS,,unspecified,unspecified,single_pair,modality,Verzotti_2019_c1,no_ci;weight_not_specified,inter-reader,10.64,0,,duplicate_within_study,,,unclear,retrospective,Europe
C366,Verzotti_2019,inter-modality,CT/MRI/CEUS,,2005,,1,,,,,,,,2,surgical vs non-surgical,,percent_agreement,,,,,,0.83,,,,,,,no_stat,,,,NA,NA,,,,,,,,,,,,unclear,retrospective,Europe
C367,Verzotti_2019,inter-modality,CT/MRI/CEUS,,2005,,1,,,,,,,,2,surgical vs non-surgical,,percent_agreement,,,,,,0.78,,,,,,,no_stat,,,,NA,NA,,,,,,,,,,,,unclear,retrospective,Europe
C370,Jin_2026,inter-modality,CECT,CEUS (senior radiologist group),v2019,EFSUMB 2020,3,,,,,,,103,4,"['II', 'IIF', 'III', 'IV']",,Gwet_AC,unweighted,,,0.71,0.874,,0.792,0.792,,,,0,,,CT,CEUS,v2019,EFSUMB,subgroup,n_readers,Jin_2026_c1,,inter-modality,18.97,1,subgroup_direct,,,,unclear,retrospective,Asia
C371,Jin_2026,inter-modality,CECT,CEUS (junior radiologist group),v2019,EFSUMB 2020,3,,,,,,,103,4,"['II', 'IIF', 'III', 'IV']",,Gwet_AC,unweighted,,,0.595,0.812,,0.703,0.703,,,,0,,,CT,CEUS,v2019,EFSUMB,subgroup,n_readers,Jin_2026_c1,,inter-modality,18.97,0,,duplicate_within_study,,,unclear,retrospective,Asia
C372,Jin_2026,inter-reader,CEUS (senior group),CEUS (junior group),EFSUMB 2020,EFSUMB 2020,6,,,,,,,103,4,"['II', 'IIF', 'III', 'IV']",,Gwet_AC,unweighted,,,0.683,0.843,,0.763,0.763,,,,0,,,CEUS,CEUS,EFSUMB,EFSUMB,pooled,n_readers,Jin_2026_c1,,inter-reader,-1.03,1,pooled_direct,,,,unclear,retrospective,Asia
C382,Sun_2023,inter-reader,CEUS,CEUS,2005,2005,2,,10 years,,1 year,,,212,5,"['I', 'II', 'IIF', 'III', 'IV']",,Cohen,unspecified,0.448,,,,,,,,,,0,,weight_not_specified,CEUS,CEUS,original,original,single_pair,version;n_categories;n_cysts;weight,Sun_2023_c1,no_ci,inter-reader,7.88,,,lower_priority_version_within_study,5.5,,unclear,retrospective,Asia
C383,Sun_2023,inter-reader,CEUS,CEUS,2019,2019,2,,10 years,,1 year,,,166,6,"['I', 'II', 'IIF', 'III', 'IV', 'Unclassifiable']",,Cohen,unspecified,0.642,,,,,,,,,,0,,weight_not_specified,CEUS,CEUS,v2019,v2019,single_pair,version;n_categories;n_cysts;weight,Sun_2023_c2,no_ci,inter-reader,8.34,0,,lower_priority,5.5,,unclear,retrospective,Asia
C384,Sun_2023,inter-reader,CEUS,CEUS,2005,2005,2,,10 years,,1 year,,,166,5,"['I', 'II', 'IIF', 'III', 'IV']",,Cohen,unspecified,0.376,,,,,,,,,,0,,weight_not_specified,CEUS,CEUS,original,original,single_pair,version;n_categories;n_cysts;weight,Sun_2023_c2,no_ci,inter-reader,8.34,0,,lower_priority,5.5,,unclear,retrospective,Asia
C385,Sun_2023,inter-version,CEUS,CEUS,2005,2019,1,,,,,,,212,5,"['I', 'II', 'IIF', 'III', 'IV']",,Cohen,unspecified,0.568,,,,,,,,,,0,,weight_not_specified,CEUS,CEUS,original,v2019,single,n_cysts,Sun_2023_c1,no_ci,inter-version,2.88,1,single_direct,,,,unclear,retrospective,Asia
C386,Sun_2023,inter-version,CEUS,CEUS,2005,2019,1,,,,,,,212,5,"['I', 'II', 'IIF', 'III', 'IV']",,Cohen,unspecified,0.628,,,,,,,,,,0,,weight_not_specified,CEUS,CEUS,original,v2019,single,n_cysts,Sun_2023_c1,no_ci,inter-version,2.88,0,,duplicate_within_study,,,unclear,retrospective,Asia
C387,Sun_2023,inter-version,CEUS,CEUS,2005,2019,1,,,,,,,166,5,"['I', 'II', 'IIF', 'III', 'IV']",,Cohen,unspecified,0.517,,,,,,,,,,0,,weight_not_specified,CEUS,CEUS,original,v2019,single,n_cysts,Sun_2023_c2,no_ci,inter-version,3.34,0,,lower_priority,,,unclear,retrospective,Asia
C388,Sun_2023,inter-version,CEUS,CEUS,2005,2019,1,,,,,,,166,5,"['I', 'II', 'IIF', 'III', 'IV']",,Cohen,unspecified,0.622,,,,,,,,,,0,,weight_not_specified,CEUS,CEUS,original,v2019,single,n_cysts,Sun_2023_c2,no_ci,inter-version,3.34,0,,lower_priority,,,unclear,retrospective,Asia
C389,Angelini_2019,inter-modality,CT,CEUS,,,,,,,,,,65,5,"['I', 'II', 'IIF', 'III', 'IV']",,not reported,,,,,,0.5385,,,,,,,no_stat,,,,NA,NA,,,,,,,,,,,,unclear,retrospective,Europe
C390,Angelini_2021,inter-version,CEUS,,Bosniak original,Bosniak v2019,1,,,,,,,97,2,"['<=IIF (benign)', '>=III (malignant)']",,Cohen_unweighted,unweighted,0.8724,,,,0.9381,,,,,,1,supplementary_collapsed,,CEUS,,original,v2019,single,n_categories,Angelini2021_c1,no_ci,inter-version,4.03,0,,dichotomized_lower_information,,,unclear,retrospective,Europe
C391,Angelini_2021,inter-version,CEUS,,Bosniak original,Bosniak v2019,1,,,,,,,97,5,"['I', 'II', 'IIF', 'III', 'IV']",,Cohen,unspecified,0.32,,,,,,,,,,0,,,CEUS,,original,v2019,single,n_categories,Angelini2021_c1,no_ci,inter-version,4.03,1,single_direct,,,,unclear,retrospective,Europe
C392,Oon_2018,inter-modality,CT (or MRI),CEUS,,,1,,,,,,,21,4,"['II', 'IIF', 'III', 'IV']",,Cohen_unweighted,unweighted,0.3046,,,,0.5238,,,,,,1,,derived_from_table,CT_MRI,CEUS,original,modified,single,none,Oon2018_c1,derived_from_table;no_ci;small_sample,inter-modality,5.79,1,sole_estimate,,,,unclear,retrospective,Europe
C393,Reizine_2024,inter-modality,rsDECT,MRI,v2019,v2019,1,Radiologist (abdominal imaging),"5 years (consensus, both readers)",,,,,127,6,"['1', '2', '2F', '3', '4', 'Solid']",,Cohen_unweighted,unweighted,0.7672,,,,0.8504,,,,,,1,,derived_from_table,DECT,MRI,v2019,v2019,single,none,Reizine2024_c1,no_ci,inter-modality,3.73,1,sole_estimate,,5.0,subspecialty,unclear,retrospective,Europe
C394,Ignee_2010,inter-modality,CECT,CEUS,,,1,,,,,,,10,3,"['II', 'III', 'IV']",,Cohen_unweighted,unweighted,0.2188,,,,0.5,,,,,,1,,derived_from_table,CT,CEUS,original,modified,single,none,Ignee2010_c1,small_sample;derived_from_table;no_ci,inter-modality,5.9,1,sole_estimate,,,,unclear,prospective,Europe
C395,Park_2007,inter-modality,CT,CEUS,,,2,Radiologist (cross-sectional imaging),15 years,Radiologist (cross-sectional imaging),20 years,,,31,5,"I, II, IIF, III, IV",,Cohen_unweighted,unweighted,0.502,,,,0.742,,,,,,1,,derived_from_table,CT,CEUS,original,unspecified,single,none,Park_2007_c1,derived_from_table;no_ci,inter-modality,5.69,1,sole_estimate,,17.5,general,unclear,retrospective,Asia
C396,Anshulmeena_2026,inter-modality,CT,MRI,2019,2019,1,,,,,,,50,5,"I, II, IIF, III, IV",,Cohen_unweighted,unweighted,0.8625,,,,0.9,,,,,,1,,derived_from_table,CT,MRI,v2019,v2019,single,none,Anshulmeena_2026_c1,no_ci,inter-modality,4.5,1,sole_estimate,,,,unclear,,Asia
C397,Chandrasekar_2023,inter-version,CT/MRI,,P2019B (pre-2019),B2019 (v2019),1,radiology,,,,,,20,3,"IIF, III, IV",,Cohen_unweighted,unweighted,0.6748,,,,0.9,,,,,,1,,derived_from_table,CT_MRI,,original,v2019,single,none,Chandrasekar_2023_c1,derived_from_table;no_ci;small_sample,inter-version,5.8,1,sole_estimate,,,general,unclear,prospective,North_America
C398,Gomma_2023,inter-version,MRI (3T),,Original (v2005),v2019,2,,,,,,,84,4,"II, IIF, III, IV",,Cohen_unweighted,unweighted,0.7074,,,,0.7976,,,,,,1,,derived_from_table,MRI,,original,v2019,single,none,Gomma_2023_c1,derived_from_table;no_ci,inter-version,5.16,1,sole_estimate,,,,unclear,prospective,Other
C399,Sebastià_2026,inter-version,CT (four-phase),,v2005,v2019,2,Radiologist,3 years,,20 years,,,57,3,"III, IV, solid",,Cohen_unweighted,unweighted,-0.0869,,,,0.3684,,,,,,1,,,CT,,original,v2019,single,none,Sebastià_2026_c1,no_ci;extreme_value,inter-version,4.43,1,sole_estimate,,11.5,general,unclear,retrospective,Europe
C400,Rocca_2016,inter-modality,CEUS,CECT,,,2,,,,,,,42,4,"II, IIF, III, IV",,Cohen_unweighted,unweighted,0.649,,,,0.7381,,,,,,1,,derived_from_table,CEUS,CT,unspecified,unspecified,single,none,Rocca_2016_c1,derived_from_table;no_ci,inter-modality,5.58,1,sole_estimate,,,,unclear,,
C401,Pitra_2018,inter-reader,CT,,,,2,,,,,,,29,3,"I, II, IIF, III, IV",,Cohen_unweighted,unweighted,0.269,,,,,,,,,,1,,kappa_type_not_specified;weight_not_specified,CT,,original,original,single_pair,modality;n_categories,Pitra_2018_c1,kappa_type_not_specified;no_ci;small_sample;weight_not_specified,inter-reader,12.71,1,single_pair_direct,,,,unclear,retrospective,Europe
C402,Pitra_2018,inter-reader,MRI,,,,2,,,,,,,29,4,"I, II, IIF, III, IV",,Cohen_unweighted,unweighted,0.581,,,,,,,,,,1,,kappa_type_not_specified;weight_not_specified,MRI,,original,original,single_pair,modality;n_categories,Pitra_2018_c1,kappa_type_not_specified;no_ci;small_sample;weight_not_specified,inter-reader,12.71,0,,duplicate_within_study,,,unclear,retrospective,Europe
C403,Sebastià_2026,inter-reader,CT (four-phase),,v2019,,2,Radiologist,3 years,,20 years,,,57,5,,,kappa_unspecified,unspecified,0.56,,,,,,,,,,0,,kappa_type_not_specified;weight_not_specified,CT,,v2019,v2019,single_pair,none,Sebastià_2026_c1,kappa_type_not_specified;no_ci;weight_not_specified,inter-reader,12.43,1,sole_estimate,,11.5,general,unclear,retrospective,Europe
C404,Sebastià_2026,inter-reader,CT (four-phase),,,,2,,,,,,,33,5,,,kappa_unspecified,unspecified,0.92,,,,,,,,,,,not_bosniak_category,,,,NA,NA,,,,,,,,,,,,unclear,retrospective,Europe
C405,Verzotti_2019,inter-reader,CT,,,,2,,,,,,,36,5,,,Cohen_weighted,weighted_unspecified,,,,,,,,,,,,duplicate,,,,NA,NA,,,,,,,,,,,,unclear,retrospective,Europe
C406,Verzotti_2019,inter-reader,MRI,,,,2,,,,,,,36,5,,,Cohen_weighted,weighted_unspecified,,,,,,,,,,,,duplicate,,,,NA,NA,,,,,,,,,,,,unclear,retrospective,Europe
C407,Verzotti_2019,inter-reader,CEUS,,,,2,,,,,,,36,5,,,Cohen_weighted,weighted_unspecified,,,,,,,,,,,,duplicate,,,,NA,NA,,,,,,,,,,,,unclear,retrospective,Europe
C408,Yan_2021,inter-reader,CT or MRI,,v2019,,2,abdominal radiologist,1,abdominal radiologist,1,"blinded to pathology, demographics, original report",independent,73,5,"['I', 'II', 'IIF', 'III', 'IV']",,Cohen,unspecified,0.469,,,,,,,,,,0,,,CT_MRI,,v2019,v2019,pairwise,modality;version;n_cysts,Yan_2021_c1,no_ci,inter-reader,29.27,1,reported_overall_restored:0.357,,1.0,subspecialty,blinded,retrospective,North_America
C409,Yan_2021,inter-reader,CT or MRI,,v2019,,2,abdominal radiologist,1,abdominal radiologist,2,"blinded to pathology, demographics, original report",independent,73,5,"['I', 'II', 'IIF', 'III', 'IV']",,Cohen,unspecified,0.345,,,,,,,,,,0,,,CT_MRI,,v2019,v2019,pairwise,modality;version;n_cysts,Yan_2021_c1,no_ci,inter-reader,29.27,0,,reported_overall_available,1.5,subspecialty,blinded,retrospective,North_America
C410,Yan_2021,inter-reader,CT or MRI,,v2019,,2,abdominal radiologist,1,abdominal radiologist,2,"blinded to pathology, demographics, original report",independent,73,5,"['I', 'II', 'IIF', 'III', 'IV']",,Cohen,unspecified,0.257,,,,,,,,,,0,,,CT_MRI,,v2019,v2019,pairwise,modality;version;n_cysts,Yan_2021_c1,no_ci,inter-reader,29.27,0,,reported_overall_available,1.5,subspecialty,blinded,retrospective,North_America
C411,Yan_2021,inter-reader,CT or MRI,,original,,2,abdominal radiologist,1,abdominal radiologist,1,,,73,5,,,Cohen,unspecified,0.336,,,,,,,,,,0,,,CT_MRI,,original,original,pairwise,modality;version;n_cysts,Yan_2021_c1,no_ci,inter-reader,29.27,0,,reported_overall_available,1.0,subspecialty,unclear,retrospective,North_America
C412,Yan_2021,inter-reader,CT or MRI,,original,,2,abdominal radiologist,1,abdominal radiologist,2,,,73,5,,,Cohen,unspecified,0.315,,,,,,,,,,0,,,CT_MRI,,original,original,pairwise,modality;version;n_cysts,Yan_2021_c1,no_ci,inter-reader,29.27,0,,reported_overall_available,1.5,subspecialty,unclear,retrospective,North_America
C413,Yan_2021,inter-reader,CT or MRI,,original,,2,abdominal radiologist,1,abdominal radiologist,2,,,73,5,,,Cohen,unspecified,0.243,,,,,,,,,,0,,,CT_MRI,,original,original,pairwise,modality;version;n_cysts,Yan_2021_c1,no_ci,inter-reader,29.27,0,,reported_overall_available,1.5,subspecialty,unclear,retrospective,North_America
C414,Yan_2021,inter-reader,,,v2019,,2,abdominal radiologist,1,abdominal radiologist,1,,,15,5,,,Cohen,unspecified,0.338,,,,,,,,,,0,,,,,v2019,v2019,pairwise,modality;version;n_cysts,Yan_2021_c2,small_sample;no_ci,inter-reader,29.85,0,,reported_overall_available,1.0,subspecialty,unclear,retrospective,North_America
C415,Yan_2021,inter-reader,,,v2019,,2,abdominal radiologist,1,abdominal radiologist,2,,,15,5,,,Cohen,unspecified,0.426,,,,,,,,,,0,,,,,v2019,v2019,pairwise,modality;version;n_cysts,Yan_2021_c2,small_sample;no_ci,inter-reader,29.85,0,,reported_overall_available,1.5,subspecialty,unclear,retrospective,North_America
C416,Yan_2021,inter-reader,,,v2019,,2,abdominal radiologist,1,abdominal radiologist,2,,,15,5,,,Cohen,unspecified,0.138,,,,,,,,,,0,,,,,v2019,v2019,pairwise,modality;version;n_cysts,Yan_2021_c2,small_sample;no_ci,inter-reader,29.85,0,,reported_overall_available,1.5,subspecialty,unclear,retrospective,North_America
C417,Yan_2021,inter-reader,,,v2019,,2,abdominal radiologist,1,abdominal radiologist,1,,,15,5,,,Cohen,unspecified,0.115,,,,,,,,,,0,,,,,v2019,v2019,pairwise,modality;version;n_cysts,Yan_2021_c2,small_sample;no_ci,inter-reader,29.85,0,,reported_overall_available,1.0,subspecialty,unclear,retrospective,North_America
C418,Yan_2021,inter-reader,,,v2019,,2,abdominal radiologist,1,abdominal radiologist,2,,,15,5,,,Cohen,unspecified,0.033,,,,,,,,,,0,,,,,v2019,v2019,pairwise,modality;version;n_cysts,Yan_2021_c2,small_sample;no_ci,inter-reader,29.85,0,,reported_overall_available,1.5,subspecialty,unclear,retrospective,North_America
C419,Yan_2021,inter-reader,,,v2019,,2,abdominal radiologist,1,abdominal radiologist,2,,,15,5,,,Cohen,unspecified,0.122,,,,,,,,,,0,,,,,v2019,v2019,pairwise,modality;version;n_cysts,Yan_2021_c2,small_sample;no_ci,inter-reader,29.85,0,,reported_overall_available,1.5,subspecialty,unclear,retrospective,North_America
C420,Yan_2021,inter-reader,,,v2019,,2,abdominal radiologist,1,abdominal radiologist,1,,,28,5,,,Cohen,unspecified,0.245,,,,,,,,,,0,,,,,v2019,v2019,pairwise,modality;version;n_cysts,Yan_2021_c3,no_ci;small_sample,inter-reader,29.72,0,,reported_overall_available,1.0,subspecialty,unclear,retrospective,North_America
C421,Yan_2021,inter-reader,,,v2019,,2,abdominal radiologist,1,abdominal radiologist,2,,,28,5,,,Cohen,unspecified,0.446,,,,,,,,,,0,,,,,v2019,v2019,pairwise,modality;version;n_cysts,Yan_2021_c3,no_ci;small_sample,inter-reader,29.72,0,,reported_overall_available,1.5,subspecialty,unclear,retrospective,North_America
C422,Yan_2021,inter-reader,,,v2019,,2,abdominal radiologist,1,abdominal radiologist,2,,,28,5,,,Cohen,unspecified,0.152,,,,,,,,,,0,,,,,v2019,v2019,pairwise,modality;version;n_cysts,Yan_2021_c3,no_ci;small_sample,inter-reader,29.72,0,,reported_overall_available,1.5,subspecialty,unclear,retrospective,North_America
C423,Yan_2021,inter-reader,,,v2019,,2,abdominal radiologist,1,abdominal radiologist,1,,,28,5,,,Cohen,unspecified,0.312,,,,,,,,,,0,,,,,v2019,v2019,pairwise,modality;version;n_cysts,Yan_2021_c3,no_ci;small_sample,inter-reader,29.72,0,,reported_overall_available,1.0,subspecialty,unclear,retrospective,North_America
C424,Yan_2021,inter-reader,,,v2019,,2,abdominal radiologist,1,abdominal radiologist,2,,,28,5,,,Cohen,unspecified,0.142,,,,,,,,,,0,,,,,v2019,v2019,pairwise,modality;version;n_cysts,Yan_2021_c3,no_ci;small_sample,inter-reader,29.72,0,,reported_overall_available,1.5,subspecialty,unclear,retrospective,North_America
C425,Yan_2021,inter-reader,,,v2019,,2,abdominal radiologist,1,abdominal radiologist,2,,,28,5,,,Cohen,unspecified,0.219,,,,,,,,,,0,,,,,v2019,v2019,pairwise,modality;version;n_cysts,Yan_2021_c3,no_ci;small_sample,inter-reader,29.72,0,,reported_overall_available,1.5,subspecialty,unclear,retrospective,North_America
C426,Yan_2021,inter-reader,,,v2019,,2,abdominal radiologist,1,abdominal radiologist,1,,,28,5,,,Cohen,unspecified,0.771,,,,,,,,,,0,,,,,v2019,v2019,pairwise,modality;version;n_cysts,Yan_2021_c3,no_ci;small_sample,inter-reader,29.72,0,,reported_overall_available,1.0,subspecialty,unclear,retrospective,North_America
C427,Yan_2021,inter-reader,,,v2019,,2,abdominal radiologist,1,abdominal radiologist,2,,,28,5,,,Cohen,unspecified,0.31,,,,,,,,,,0,,,,,v2019,v2019,pairwise,modality;version;n_cysts,Yan_2021_c3,no_ci;small_sample,inter-reader,29.72,0,,reported_overall_available,1.5,subspecialty,unclear,retrospective,North_America
C428,Yan_2021,inter-reader,,,v2019,,2,abdominal radiologist,1,abdominal radiologist,2,,,28,5,,,Cohen,unspecified,0.423,,,,,,,,,,0,,,,,v2019,v2019,pairwise,modality;version;n_cysts,Yan_2021_c3,no_ci;small_sample,inter-reader,29.72,0,,reported_overall_available,1.5,subspecialty,unclear,retrospective,North_America
C429,Yan_2021,inter-reader,,,v2019,,2,abdominal radiologist,1,abdominal radiologist,1,,,28,5,,,Cohen,unspecified,0.552,,,,,,,,,,0,,,,,v2019,v2019,pairwise,modality;version;n_cysts,Yan_2021_c3,no_ci;small_sample,inter-reader,29.72,0,,reported_overall_available,1.0,subspecialty,unclear,retrospective,North_America
C430,Yan_2021,inter-reader,,,v2019,,2,abdominal radiologist,1,abdominal radiologist,2,,,28,5,,,Cohen,unspecified,0.557,,,,,,,,,,0,,,,,v2019,v2019,pairwise,modality;version;n_cysts,Yan_2021_c3,no_ci;small_sample,inter-reader,29.72,0,,reported_overall_available,1.5,subspecialty,unclear,retrospective,North_America
C431,Yan_2021,inter-reader,,,v2019,,2,abdominal radiologist,1,abdominal radiologist,2,,,28,5,,,Cohen,unspecified,0.356,,,,,,,,,,0,,,,,v2019,v2019,pairwise,modality;version;n_cysts,Yan_2021_c3,no_ci;small_sample,inter-reader,29.72,0,,reported_overall_available,1.5,subspecialty,unclear,retrospective,North_America
C432,Münch_2024,intra-reader,CEUS,CEUS,EFSUMB 2020,EFSUMB 2020,1,"['Radiology/Nephrology (2 experts, 2 intermediate, 2 beginners)']",Same as above,,,"Blinded, randomized order for repeat rating","Retrospective re-read, double rating",84,5,"['I', 'II', 'IIF', 'III', 'IV']",,Cohen_quadratic,quadratic,0.91,,0.83,0.98,,,,,,,1,,,CEUS,CEUS,EFSUMB,EFSUMB,single,reader_pair,Münch_2024_c1,,intra-reader,4.16,1,single_direct,,,mixed,blinded,retrospective,Europe
C433,Münch_2024,intra-reader,CEUS,CEUS,EFSUMB 2020,EFSUMB 2020,1,"['Radiology/Nephrology (2 experts, 2 intermediate, 2 beginners)']",Same as above,,,"Blinded, randomized order for repeat rating","Retrospective re-read, double rating",84,5,"['I', 'II', 'IIF', 'III', 'IV']",,Cohen_quadratic,quadratic,0.94,,0.9,0.97,,,,,,,1,,,CEUS,CEUS,EFSUMB,EFSUMB,single,reader_pair,Münch_2024_c1,,intra-reader,4.16,0,,duplicate_within_study,,mixed,blinded,retrospective,Europe
C434,Münch_2024,intra-reader,CEUS,CEUS,EFSUMB 2020,EFSUMB 2020,1,"['Radiology/Nephrology (2 experts, 2 intermediate, 2 beginners)']",Same as above,,,"Blinded, randomized order for repeat rating","Retrospective re-read, double rating",84,5,"['I', 'II', 'IIF', 'III', 'IV']",,Cohen_quadratic,quadratic,0.79,,0.68,0.9,,,,,,,1,,,CEUS,CEUS,EFSUMB,EFSUMB,single,reader_pair,Münch_2024_c1,,intra-reader,4.16,0,,duplicate_within_study,,mixed,blinded,retrospective,Europe
C435,Münch_2024,intra-reader,CEUS,CEUS,EFSUMB 2020,EFSUMB 2020,1,"['Radiology/Nephrology (2 experts, 2 intermediate, 2 beginners)']",Same as above,,,"Blinded, randomized order for repeat rating","Retrospective re-read, double rating",84,5,"['I', 'II', 'IIF', 'III', 'IV']",,Cohen_quadratic,quadratic,0.84,,0.77,0.91,,,,,,,1,,,CEUS,CEUS,EFSUMB,EFSUMB,single,reader_pair,Münch_2024_c1,,intra-reader,4.16,0,,duplicate_within_study,,mixed,blinded,retrospective,Europe
C436,Münch_2024,intra-reader,CEUS,CEUS,EFSUMB 2020,EFSUMB 2020,1,"['Radiology/Nephrology (2 experts, 2 intermediate, 2 beginners)']",Same as above,,,"Blinded, randomized order for repeat rating","Retrospective re-read, double rating",84,5,"['I', 'II', 'IIF', 'III', 'IV']",,Cohen_quadratic,quadratic,0.77,,0.67,0.88,,,,,,,1,,,CEUS,CEUS,EFSUMB,EFSUMB,single,reader_pair,Münch_2024_c1,,intra-reader,4.16,0,,duplicate_within_study,,mixed,blinded,retrospective,Europe
C437,Münch_2024,intra-reader,CEUS,CEUS,EFSUMB 2020,EFSUMB 2020,1,"['Radiology/Nephrology (2 experts, 2 intermediate, 2 beginners)']",Same as above,,,"Blinded, randomized order for repeat rating","Retrospective re-read, double rating",84,5,"['I', 'II', 'IIF', 'III', 'IV']",,Cohen_quadratic,quadratic,0.74,,0.6,0.88,,,,,,,1,,,CEUS,CEUS,EFSUMB,EFSUMB,single,reader_pair,Münch_2024_c1,,intra-reader,4.16,0,,duplicate_within_study,,mixed,blinded,retrospective,Europe
C438,Münch_2024,inter-reader,CEUS,CEUS,EFSUMB 2020,EFSUMB 2020,2,['Radiology/Nephrology'],Beginners / Intermediate / Experts,,,Blinded,Retrospective re-read,168,5,"['I', 'II', 'IIF', 'III', 'IV']",,Cohen_quadratic,quadratic,0.59,,0.5,0.69,,,,,,,1,,,CEUS,CEUS,EFSUMB,EFSUMB,subgroup,reader_pair,Münch_2024_c2,,inter-reader,18.32,,,duplicate_within_study,,mixed,blinded,retrospective,Europe
C439,Münch_2024,inter-reader,CEUS,CEUS,EFSUMB 2020,EFSUMB 2020,2,['Radiology/Nephrology'],Beginners / Intermediate / Experts,,,Blinded,Retrospective re-read,168,5,"['I', 'II', 'IIF', 'III', 'IV']",,Cohen_quadratic,quadratic,0.82,,0.78,0.87,,,,,,,1,,,CEUS,CEUS,EFSUMB,EFSUMB,subgroup,reader_pair,Münch_2024_c2,,inter-reader,18.32,0,,duplicate_within_study,,mixed,blinded,retrospective,Europe
C440,Münch_2024,inter-reader,CEUS,CEUS,EFSUMB 2020,EFSUMB 2020,2,['Radiology/Nephrology'],Beginners / Intermediate / Experts,,,Blinded,Retrospective re-read,168,5,"['I', 'II', 'IIF', 'III', 'IV']",,Cohen_quadratic,quadratic,0.9,,0.83,0.96,,,,,,,1,,,CEUS,CEUS,EFSUMB,EFSUMB,subgroup,reader_pair,Münch_2024_c2,,inter-reader,18.32,1,subgroup_direct,,,mixed,blinded,retrospective,Europe
C441,Osman_2021,intra-reader,CT/MRI,CT/MRI,Both Original and v2019,Both Original and v2019,1,['Fellowship-trained abdominal radiologist'],5-8 years,,,Blinded,Session 1 (no calculator) vs Session 2 (with calculator),103,5,"['I', 'II', 'IIF', 'III', 'IV']",,Cohen_unweighted,unweighted,0.43,,,,,,,,,,0,,,CT_MRI,CT_MRI,both,both,single,reader_pair,Osman_2021_c1,no_ci,intra-reader,3.97,1,single_direct,,6.5,mixed,blinded,retrospective,North_America
C442,Osman_2021,intra-reader,CT/MRI,CT/MRI,Both Original and v2019,Both Original and v2019,1,['Fellowship-trained abdominal radiologist'],5-8 years,,,Blinded,Session 1 (no calculator) vs Session 2 (with calculator),103,5,"['I', 'II', 'IIF', 'III', 'IV']",,Cohen_unweighted,unweighted,0.38,,,,,,,,,,0,,,CT_MRI,CT_MRI,both,both,single,reader_pair,Osman_2021_c1,no_ci,intra-reader,3.97,0,,duplicate_within_study,6.5,mixed,blinded,retrospective,North_America
C443,Osman_2021,intra-reader,CT/MRI,CT/MRI,Both Original and v2019,Both Original and v2019,1,['Fellowship-trained abdominal radiologist'],5-8 years,,,Blinded,Session 1 (no calculator) vs Session 2 (with calculator),103,5,"['I', 'II', 'IIF', 'III', 'IV']",,Cohen_unweighted,unweighted,0.66,,,,,,,,,,0,,,CT_MRI,CT_MRI,both,both,single,reader_pair,Osman_2021_c1,no_ci,intra-reader,3.97,0,,duplicate_within_study,6.5,mixed,blinded,retrospective,North_America
C444,Osman_2021,intra-reader,CT/MRI,CT/MRI,Both Original and v2019,Both Original and v2019,1,['Fellowship-trained abdominal radiologist'],5-8 years,,,Blinded,Session 1 (no calculator) vs Session 2 (with calculator),103,5,"['I', 'II', 'IIF', 'III', 'IV']",,Cohen_unweighted,unweighted,0.42,,,,,,,,,,0,,,CT_MRI,CT_MRI,both,both,single,reader_pair,Osman_2021_c1,no_ci,intra-reader,3.97,0,,duplicate_within_study,6.5,mixed,blinded,retrospective,North_America
C445,Osman_2021,intra-reader,CT/MRI,CT/MRI,Both Original and v2019,Both Original and v2019,1,['Fellowship-trained abdominal radiologist'],5-8 years,,,Blinded,Session 1 (no calculator) vs Session 2 (with calculator),103,5,"['I', 'II', 'IIF', 'III', 'IV']",,Cohen_unweighted,unweighted,0.38,,,,,,,,,,0,,,CT_MRI,CT_MRI,both,both,single,reader_pair,Osman_2021_c1,no_ci,intra-reader,3.97,0,,duplicate_within_study,6.5,mixed,blinded,retrospective,North_America
C446,Osman_2021,intra-reader,CT/MRI,CT/MRI,Both Original and v2019,Both Original and v2019,1,['Fellowship-trained abdominal radiologist'],5-8 years,,,Blinded,Session 1 (no calculator) vs Session 2 (with calculator),103,5,"['I', 'II', 'IIF', 'III', 'IV']",,Cohen_unweighted,unweighted,0.55,,,,,,,,,,0,,,CT_MRI,CT_MRI,both,both,single,reader_pair,Osman_2021_c1,no_ci,intra-reader,3.97,0,,duplicate_within_study,6.5,mixed,blinded,retrospective,North_America
C447,Osman_2021,inter-version,CT/MRI,CT/MRI,Original,v2019,1,['Fellowship-trained abdominal radiologist'],5-8 years,,,,"Same session, Original classified first then v2019",103,5,"['I', 'II', 'IIF', 'III', 'IV']",,Cohen_unweighted,unweighted,0.79,,,,,,,,,,0,,,CT_MRI,CT_MRI,original,v2019,single,reader_pair,Osman_2021_c1,no_ci,inter-version,3.97,1,single_direct,,6.5,mixed,unclear,retrospective,North_America
C448,Osman_2021,inter-version,CT/MRI,CT/MRI,Original,v2019,1,['Fellowship-trained abdominal radiologist'],5-8 years,,,,"Same session, Original classified first then v2019",103,5,"['I', 'II', 'IIF', 'III', 'IV']",,Cohen_unweighted,unweighted,0.43,,,,,,,,,,0,,,CT_MRI,CT_MRI,original,v2019,single,reader_pair,Osman_2021_c1,no_ci,inter-version,3.97,0,,duplicate_within_study,6.5,mixed,unclear,retrospective,North_America
C449,Osman_2021,inter-version,CT/MRI,CT/MRI,Original,v2019,1,['Fellowship-trained abdominal radiologist'],5-8 years,,,,"Same session, Original classified first then v2019",103,5,"['I', 'II', 'IIF', 'III', 'IV']",,Cohen_unweighted,unweighted,0.72,,,,,,,,,,0,,,CT_MRI,CT_MRI,original,v2019,single,reader_pair,Osman_2021_c1,no_ci,inter-version,3.97,0,,duplicate_within_study,6.5,mixed,unclear,retrospective,North_America
C450,Osman_2021,inter-version,CT/MRI,CT/MRI,Original,v2019,1,['Fellowship-trained abdominal radiologist'],5-8 years,,,,"Same session, Original classified first then v2019",103,5,"['I', 'II', 'IIF', 'III', 'IV']",,Cohen_unweighted,unweighted,0.71,,,,,,,,,,0,,,CT_MRI,CT_MRI,original,v2019,single,reader_pair,Osman_2021_c1,no_ci,inter-version,3.97,0,,duplicate_within_study,6.5,mixed,unclear,retrospective,North_America
C451,Osman_2021,inter-version,CT/MRI,CT/MRI,Original,v2019,1,['Fellowship-trained abdominal radiologist'],5-8 years,,,,"Same session, Original classified first then v2019",103,5,"['I', 'II', 'IIF', 'III', 'IV']",,Cohen_unweighted,unweighted,0.42,,,,,,,,,,0,,,CT_MRI,CT_MRI,original,v2019,single,reader_pair,Osman_2021_c1,no_ci,inter-version,3.97,0,,duplicate_within_study,6.5,mixed,unclear,retrospective,North_America
C452,Osman_2021,inter-version,CT/MRI,CT/MRI,Original,v2019,1,['Fellowship-trained abdominal radiologist'],5-8 years,,,,"Same session, Original classified first then v2019",103,5,"['I', 'II', 'IIF', 'III', 'IV']",,Cohen_unweighted,unweighted,0.68,,,,,,,,,,0,,,CT_MRI,CT_MRI,original,v2019,single,reader_pair,Osman_2021_c1,no_ci,inter-version,3.97,0,,duplicate_within_study,6.5,mixed,unclear,retrospective,North_America
C453,Tse_2022,intra-reader,CT (SOC),CT (thin),v2019,,1,,1,,,,,131,5,,,Cohen_weighted,weighted_unspecified,0.693,,,,,,,,,,0,,weight_not_specified,CT,CT,v2019,v2019,single,reader_pair,Tse_2022_c1,weight_not_specified;overlap:tse_group;no_ci,technical-comparison,4.69,0,single_direct,technical_variant,1.0,,unclear,retrospective,North_America
C454,Tse_2022,intra-reader,CT (SOC),CT (thin),v2019,,1,,4,,,,,131,5,,,Cohen_weighted,weighted_unspecified,0.825,,,,,,,,,,0,,weight_not_specified,CT,CT,v2019,v2019,single,reader_pair,Tse_2022_c1,weight_not_specified;overlap:tse_group;no_ci,technical-comparison,4.69,0,,duplicate_within_study,4.0,,unclear,retrospective,North_America
C455,Tse_2022,intra-reader,CT (SOC),CT (thin),v2019,,1,,14,,,,,131,5,,,Cohen_weighted,weighted_unspecified,0.906,,,,,,,,,,0,,weight_not_specified,CT,CT,v2019,v2019,single,reader_pair,Tse_2022_c1,weight_not_specified;overlap:tse_group;no_ci,technical-comparison,4.69,0,,duplicate_within_study,14.0,,unclear,retrospective,North_America
C456,Walmer_2023,inter-reader,CEUS (flash replenishment),,,,2,radiologists,0.25-3 years CEUS experience,,,,,63,3,Malignant/Indeterminate/Benign (collapsed Bosniak III-IV/IIF/I-II),,Cohen_unweighted,unweighted,0.5766,,,,,,,,,,1,,derived_from_table,CEUS,,modified,modified,pairwise,reader_pair,Walmer_2023_c1,no_ci,inter-reader,29.37,1,reported_overall_restored:0.587,,1.62,general,unclear,,North_America
C457,Walmer_2023,inter-reader,CEUS (flash replenishment),,,,2,radiologists,0.25-3 years CEUS experience,,,,,63,3,Malignant/Indeterminate/Benign (collapsed Bosniak III-IV/IIF/I-II),,Cohen_unweighted,unweighted,0.5376,,,,,,,,,,1,,derived_from_table,CEUS,,modified,modified,pairwise,reader_pair,Walmer_2023_c1,no_ci,inter-reader,29.37,0,,reported_overall_available,1.62,general,unclear,,North_America
C458,Walmer_2023,inter-reader,CEUS (flash replenishment),,,,2,radiologists,0.25-3 years CEUS experience,,,,,63,3,Malignant/Indeterminate/Benign (collapsed Bosniak III-IV/IIF/I-II),,Cohen_unweighted,unweighted,0.6174,,,,,,,,,,1,,derived_from_table,CEUS,,modified,modified,pairwise,reader_pair,Walmer_2023_c1,no_ci,inter-reader,29.37,0,,reported_overall_available,1.62,general,unclear,,North_America
C459,Walmer_2023,inter-reader,CEUS (flash replenishment),,,,2,radiologists,0.25-3 years CEUS experience,,,,,63,3,Malignant/Indeterminate/Benign (collapsed Bosniak III-IV/IIF/I-II),,Cohen_unweighted,unweighted,0.5907,,,,,,,,,,1,,derived_from_table,CEUS,,modified,modified,pairwise,reader_pair,Walmer_2023_c1,no_ci,inter-reader,29.37,0,,reported_overall_available,1.62,general,unclear,,North_America
C460,Walmer_2023,inter-reader,CEUS (flash replenishment),,,,2,radiologists,0.25-3 years CEUS experience,,,,,63,3,Malignant/Indeterminate/Benign (collapsed Bosniak III-IV/IIF/I-II),,Cohen_unweighted,unweighted,0.6669,,,,,,,,,,1,,derived_from_table,CEUS,,modified,modified,pairwise,reader_pair,Walmer_2023_c1,no_ci,inter-reader,29.37,0,,reported_overall_available,1.62,general,unclear,,North_America
C461,Walmer_2023,inter-reader,CEUS (flash replenishment),,,,2,radiologists,0.25-3 years CEUS experience,,,,,63,3,Malignant/Indeterminate/Benign (collapsed Bosniak III-IV/IIF/I-II),,Cohen_unweighted,unweighted,0.5304,,,,,,,,,,1,,derived_from_table,CEUS,,modified,modified,pairwise,reader_pair,Walmer_2023_c1,no_ci,inter-reader,29.37,0,,reported_overall_available,1.62,general,unclear,,North_America
C462,Ferreira_2016,inter-modality,CT,MRI,2005,original,2,,,,,,,42,5,"I, II, IIF, III, IV",,Cohen_unweighted,unweighted,0.4777,,,,0.5952,,,,,,1,,derived_from_table,CT,MRI,original,original,single,none,Ferreira_2016_c1,derived_from_table;no_ci,inter-modality,5.58,1,sole_estimate,,,,unclear,retrospective,Other
C463,Rosenkrantz_2014,inter-modality,MRI 1.5T,MRI 3.0T,Bosniak original,,1,fellowship-trained abdominal radiologists,5 years,,,blinded to field strength/clinical details; randomized,independent retrospective,33,5,"I, II, IIF, III, IV",ranked 1-5,Cohen_linear,unweighted,0.3924,,,,0.6061,,,,,,1,,derived_from_table,MRI,MRI,original,original,single,reader_pair,Rosenkrantz_2014_c1,derived_from_table;no_ci,technical-comparison,5.67,0,single_direct,reclassified_technical_comparison,5.0,mixed,blinded,retrospective,North_America
C464,Rosenkrantz_2014,inter-modality,MRI 1.5T,MRI 3.0T,Bosniak original,,1,fellowship-trained abdominal radiologists,1 year,,,blinded to field strength/clinical details; randomized,independent retrospective,33,5,"I, II, IIF, III, IV",ranked 1-5,Cohen_linear,unweighted,0.7960,,,,0.8788,,,,,,1,,derived_from_table,MRI,MRI,original,original,single,reader_pair,Rosenkrantz_2014_c1,derived_from_table;no_ci,technical-comparison,5.67,0,,duplicate_within_study,1.0,mixed,blinded,retrospective,North_America
C465,Jin_2024,inter-reader,CEUS,CEUS,EFSUMB 2020,EFSUMB 2020,2,['ultrasound (abdominal)'],3 experts (>5y) and 3 novices (<2y),,,Blinded to histopathologic findings and other raters' assessments,independent review after 1h training,103,5,"['I', 'II', 'IIF', 'III', 'IV']",,Gwet_AC,not_applicable,,0.0306,0.8,0.92,,,0.86,,,,0,,,CEUS,CEUS,EFSUMB,EFSUMB,pairwise,reader_pair,Jin_2024_c1,,inter-reader,28.97,1,reported_overall_restored:0.75,,3.5,subspecialty,blinded,retrospective,Asia
C466,Jin_2024,inter-reader,CEUS,CEUS,EFSUMB 2020,EFSUMB 2020,2,['ultrasound (abdominal)'],3 experts (>5y) and 3 novices (<2y),,,Blinded to histopathologic findings and other raters' assessments,independent review after 1h training,103,5,"['I', 'II', 'IIF', 'III', 'IV']",,Gwet_AC,not_applicable,,0.0434,0.75,0.92,,,0.84,,,,0,,,CEUS,CEUS,EFSUMB,EFSUMB,pairwise,reader_pair,Jin_2024_c1,,inter-reader,28.97,0,,reported_overall_available,3.0,subspecialty,blinded,retrospective,Asia
C467,Jin_2024,inter-reader,CEUS,CEUS,EFSUMB 2020,EFSUMB 2020,2,['ultrasound (abdominal)'],3 experts (>5y) and 3 novices (<2y),,,Blinded to histopathologic findings and other raters' assessments,independent review after 1h training,103,5,"['I', 'II', 'IIF', 'III', 'IV']",,Gwet_AC,not_applicable,,0.0281,0.81,0.92,,,0.87,,,,0,,,CEUS,CEUS,EFSUMB,EFSUMB,pairwise,reader_pair,Jin_2024_c1,,inter-reader,28.97,0,,reported_overall_available,3.0,subspecialty,blinded,retrospective,Asia
C468,Jin_2024,inter-reader,CEUS,CEUS,EFSUMB 2020,EFSUMB 2020,2,['ultrasound (abdominal)'],3 experts (>5y) and 3 novices (<2y),,,Blinded to histopathologic findings and other raters' assessments,independent review after 1h training,103,5,"['I', 'II', 'IIF', 'III', 'IV']",,Gwet_AC,not_applicable,,0.051,0.63,0.83,,,0.73,,,,0,,,CEUS,CEUS,EFSUMB,EFSUMB,pairwise,reader_pair,Jin_2024_c1,,inter-reader,28.97,0,,reported_overall_available,3.0,subspecialty,blinded,retrospective,Asia
C469,Jin_2024,inter-reader,CEUS,CEUS,EFSUMB 2020,EFSUMB 2020,2,['ultrasound (abdominal)'],3 experts (>5y) and 3 novices (<2y),,,Blinded to histopathologic findings and other raters' assessments,independent review after 1h training,103,5,"['I', 'II', 'IIF', 'III', 'IV']",,Gwet_AC,not_applicable,,0.0485,0.62,0.81,,,0.72,,,,0,,,CEUS,CEUS,EFSUMB,EFSUMB,pairwise,reader_pair,Jin_2024_c1,,inter-reader,28.97,0,,reported_overall_available,3.0,subspecialty,blinded,retrospective,Asia
C470,Jin_2024,inter-reader,CEUS,CEUS,EFSUMB 2020,EFSUMB 2020,2,['ultrasound (abdominal)'],3 experts (>5y) and 3 novices (<2y),,,Blinded to histopathologic findings and other raters' assessments,independent review after 1h training,103,5,"['I', 'II', 'IIF', 'III', 'IV']",,Gwet_AC,not_applicable,,0.051,0.61,0.81,,,0.71,,,,0,,,CEUS,CEUS,EFSUMB,EFSUMB,pairwise,reader_pair,Jin_2024_c1,,inter-reader,28.97,0,,reported_overall_available,3.0,subspecialty,blinded,retrospective,Asia
C471,Jin_2024,inter-reader,CEUS,CEUS,EFSUMB 2020,EFSUMB 2020,2,['ultrasound (abdominal)'],3 experts (>5y) and 3 novices (<2y),,,Blinded to histopathologic findings and other raters' assessments,independent review after 1h training,103,5,"['I', 'II', 'IIF', 'III', 'IV']",,Gwet_AC,not_applicable,,0.0561,0.58,0.8,,,0.69,,,,0,,,CEUS,CEUS,EFSUMB,EFSUMB,pairwise,reader_pair,Jin_2024_c1,,inter-reader,28.97,0,,reported_overall_available,3.0,subspecialty,blinded,retrospective,Asia
C472,Jin_2024,inter-reader,CEUS,CEUS,EFSUMB 2020,EFSUMB 2020,2,['ultrasound (abdominal)'],3 experts (>5y) and 3 novices (<2y),,,Blinded to histopathologic findings and other raters' assessments,independent review after 1h training,103,5,"['I', 'II', 'IIF', 'III', 'IV']",,Gwet_AC,not_applicable,,0.0485,0.6,0.79,,,0.7,,,,0,,,CEUS,CEUS,EFSUMB,EFSUMB,pairwise,reader_pair,Jin_2024_c1,,inter-reader,28.97,0,,reported_overall_available,3.0,subspecialty,blinded,retrospective,Asia
C473,Jin_2024,inter-reader,CEUS,CEUS,EFSUMB 2020,EFSUMB 2020,2,['ultrasound (abdominal)'],3 experts (>5y) and 3 novices (<2y),,,Blinded to histopathologic findings and other raters' assessments,independent review after 1h training,103,5,"['I', 'II', 'IIF', 'III', 'IV']",,Gwet_AC,not_applicable,,0.0485,0.61,0.8,,,0.71,,,,0,,,CEUS,CEUS,EFSUMB,EFSUMB,pairwise,reader_pair,Jin_2024_c1,,inter-reader,28.97,0,,reported_overall_available,3.0,subspecialty,blinded,retrospective,Asia
C474,Jin_2024,inter-reader,CEUS,CEUS,EFSUMB 2020,EFSUMB 2020,2,['ultrasound (abdominal)'],3 experts (>5y) and 3 novices (<2y),,,Blinded to histopathologic findings and other raters' assessments,independent review after 1h training,103,5,"['I', 'II', 'IIF', 'III', 'IV']",,Gwet_AC,not_applicable,,0.0587,0.6,0.83,,,0.71,,,,0,,,CEUS,CEUS,EFSUMB,EFSUMB,pairwise,reader_pair,Jin_2024_c1,,inter-reader,28.97,0,,reported_overall_available,3.0,subspecialty,blinded,retrospective,Asia
C475,Jin_2024,inter-reader,CEUS,CEUS,EFSUMB 2020,EFSUMB 2020,2,['ultrasound (abdominal)'],3 experts (>5y) and 3 novices (<2y),,,Blinded to histopathologic findings and other raters' assessments,independent review after 1h training,103,5,"['I', 'II', 'IIF', 'III', 'IV']",,Gwet_AC,not_applicable,,0.051,0.59,0.79,,,0.69,,,,0,,,CEUS,CEUS,EFSUMB,EFSUMB,pairwise,reader_pair,Jin_2024_c1,,inter-reader,28.97,0,,reported_overall_available,3.0,subspecialty,blinded,retrospective,Asia
C476,Jin_2024,inter-reader,CEUS,CEUS,EFSUMB 2020,EFSUMB 2020,2,['ultrasound (abdominal)'],3 experts (>5y) and 3 novices (<2y),,,Blinded to histopathologic findings and other raters' assessments,independent review after 1h training,103,5,"['I', 'II', 'IIF', 'III', 'IV']",,Gwet_AC,not_applicable,,0.0536,0.6,0.81,,,0.71,,,,0,,,CEUS,CEUS,EFSUMB,EFSUMB,pairwise,reader_pair,Jin_2024_c1,,inter-reader,28.97,0,,reported_overall_available,3.0,subspecialty,blinded,retrospective,Asia
C477,Jin_2024,inter-reader,CEUS,CEUS,EFSUMB 2020,EFSUMB 2020,2,['ultrasound (abdominal)'],3 experts (>5y) and 3 novices (<2y),,,Blinded to histopathologic findings and other raters' assessments,independent review after 1h training,103,5,"['I', 'II', 'IIF', 'III', 'IV']",,Gwet_AC,not_applicable,,0.0383,0.68,0.83,,,0.76,,,,0,,,CEUS,CEUS,EFSUMB,EFSUMB,pairwise,reader_pair,Jin_2024_c1,,inter-reader,28.97,0,,reported_overall_available,3.0,subspecialty,blinded,retrospective,Asia
C478,Jin_2024,inter-reader,CEUS,CEUS,EFSUMB 2020,EFSUMB 2020,2,['ultrasound (abdominal)'],3 experts (>5y) and 3 novices (<2y),,,Blinded to histopathologic findings and other raters' assessments,independent review after 1h training,103,5,"['I', 'II', 'IIF', 'III', 'IV']",,Gwet_AC,not_applicable,,0.0383,0.73,0.88,,,0.8,,,,0,,,CEUS,CEUS,EFSUMB,EFSUMB,pairwise,reader_pair,Jin_2024_c1,,inter-reader,28.97,0,,reported_overall_available,3.0,subspecialty,blinded,retrospective,Asia
C479,Jin_2024,inter-reader,CEUS,CEUS,EFSUMB 2020,EFSUMB 2020,2,['ultrasound (abdominal)'],3 experts (>5y) and 3 novices (<2y),,,Blinded to histopathologic findings and other raters' assessments,independent review after 1h training,103,5,"['I', 'II', 'IIF', 'III', 'IV']",,Gwet_AC,not_applicable,,0.0383,0.69,0.84,,,0.76,,,,0,,,CEUS,CEUS,EFSUMB,EFSUMB,pairwise,reader_pair,Jin_2024_c1,,inter-reader,28.97,0,,reported_overall_available,3.0,subspecialty,blinded,retrospective,Asia
C480,Jin_2024,intra-reader,CEUS,CEUS,EFSUMB 2020,EFSUMB 2020,1,['ultrasound (abdominal)'],3 experts (>5y) and 3 novices (<2y),,,Blinded; randomized patient order,two sessions with 1-month interval,103,5,"['I', 'II', 'IIF', 'III', 'IV']",,Gwet_AC,not_applicable,,0.0306,0.8,0.92,,,0.86,,,,0,,,CEUS,CEUS,EFSUMB,EFSUMB,single,reader_pair,Jin_2024_c1,,intra-reader,3.97,1,single_direct,,3.5,subspecialty,blinded,retrospective,Asia
C481,Jin_2024,intra-reader,CEUS,CEUS,EFSUMB 2020,EFSUMB 2020,1,['ultrasound (abdominal)'],3 experts (>5y) and 3 novices (<2y),,,Blinded; randomized patient order,two sessions with 1-month interval,103,5,"['I', 'II', 'IIF', 'III', 'IV']",,Gwet_AC,not_applicable,,0.0332,0.8,0.93,,,0.86,,,,0,,,CEUS,CEUS,EFSUMB,EFSUMB,single,reader_pair,Jin_2024_c1,,intra-reader,3.97,0,,duplicate_within_study,3.0,subspecialty,blinded,retrospective,Asia
C482,Jin_2024,intra-reader,CEUS,CEUS,EFSUMB 2020,EFSUMB 2020,1,['ultrasound (abdominal)'],3 experts (>5y) and 3 novices (<2y),,,Blinded; randomized patient order,two sessions with 1-month interval,103,5,"['I', 'II', 'IIF', 'III', 'IV']",,Gwet_AC,not_applicable,,0.0332,0.81,0.94,,,0.87,,,,0,,,CEUS,CEUS,EFSUMB,EFSUMB,single,reader_pair,Jin_2024_c1,,intra-reader,3.97,0,,duplicate_within_study,3.0,subspecialty,blinded,retrospective,Asia
C483,Jin_2024,intra-reader,CEUS,CEUS,EFSUMB 2020,EFSUMB 2020,1,['ultrasound (abdominal)'],3 experts (>5y) and 3 novices (<2y),,,Blinded; randomized patient order,two sessions with 1-month interval,103,5,"['I', 'II', 'IIF', 'III', 'IV']",,Gwet_AC,not_applicable,,0.0332,0.76,0.89,,,0.82,,,,0,,,CEUS,CEUS,EFSUMB,EFSUMB,single,reader_pair,Jin_2024_c1,,intra-reader,3.97,0,,duplicate_within_study,3.0,subspecialty,blinded,retrospective,Asia
C484,Jin_2024,intra-reader,CEUS,CEUS,EFSUMB 2020,EFSUMB 2020,1,['ultrasound (abdominal)'],3 experts (>5y) and 3 novices (<2y),,,Blinded; randomized patient order,two sessions with 1-month interval,103,5,"['I', 'II', 'IIF', 'III', 'IV']",,Gwet_AC,not_applicable,,0.0612,0.61,0.85,,,0.73,,,,0,,,CEUS,CEUS,EFSUMB,EFSUMB,single,reader_pair,Jin_2024_c1,,intra-reader,3.97,0,,duplicate_within_study,3.0,subspecialty,blinded,retrospective,Asia
C485,Jin_2024,intra-reader,CEUS,CEUS,EFSUMB 2020,EFSUMB 2020,1,['ultrasound (abdominal)'],3 experts (>5y) and 3 novices (<2y),,,Blinded; randomized patient order,two sessions with 1-month interval,103,5,"['I', 'II', 'IIF', 'III', 'IV']",,Gwet_AC,not_applicable,,0.0357,0.75,0.89,,,0.82,,,,0,,,CEUS,CEUS,EFSUMB,EFSUMB,single,reader_pair,Jin_2024_c1,,intra-reader,3.97,0,,duplicate_within_study,3.0,subspecialty,blinded,retrospective,Asia
C486,Tse_2021_b,inter-reader,CT,,v2019,,2,fellowship-trained abdominal radiologists,"2, 13, 15 years",,,"blinded to clinical info, pathology, original report","independent, retrospective, separate sessions for CT and MRI",68,5,"['I', 'II', 'IIF', 'III', 'IV']",full 5-category,Cohen_weighted,weighted_unspecified,0.744,,,,,,,,,,0,,weight_not_specified,CT,,v2019,v2019,pairwise,modality;version,Tse_2021_b_c1,weight_not_specified;overlap:tse_group;no_ci,inter-reader,30.32,1,reported_overall_restored:0.745,,10.0,mixed,blinded,retrospective,North_America
C487,Tse_2021_b,inter-reader,CT,,v2019,,2,fellowship-trained abdominal radiologists,"2, 13, 15 years",,,"blinded to clinical info, pathology, original report","independent, retrospective, separate sessions for CT and MRI",68,5,"['I', 'II', 'IIF', 'III', 'IV']",full 5-category,Cohen_weighted,weighted_unspecified,0.776,,,,,,,,,,0,,weight_not_specified,CT,,v2019,v2019,pairwise,modality;version,Tse_2021_b_c1,weight_not_specified;overlap:tse_group;no_ci,inter-reader,30.32,0,,reported_overall_available,10.0,mixed,blinded,retrospective,North_America
C488,Tse_2021_b,inter-reader,CT,,v2019,,2,fellowship-trained abdominal radiologists,"2, 13, 15 years",,,"blinded to clinical info, pathology, original report","independent, retrospective, separate sessions for CT and MRI",68,5,"['I', 'II', 'IIF', 'III', 'IV']",full 5-category,Cohen_weighted,weighted_unspecified,0.714,,,,,,,,,,0,,weight_not_specified,CT,,v2019,v2019,pairwise,modality;version,Tse_2021_b_c1,weight_not_specified;overlap:tse_group;no_ci,inter-reader,30.32,0,,reported_overall_available,10.0,mixed,blinded,retrospective,North_America
C489,Tse_2021_b,inter-reader,MRI,,v2019,,2,,,,,,,68,5,"['I', 'II', 'IIF', 'III', 'IV']",,Cohen_weighted,weighted_unspecified,0.625,,,,,,,,,,0,,weight_not_specified,MRI,,v2019,v2019,pairwise,modality;version,Tse_2021_b_c1,weight_not_specified;overlap:tse_group;no_ci,inter-reader,30.32,0,,reported_overall_available,,,unclear,retrospective,North_America
C490,Tse_2021_b,inter-reader,MRI,,v2019,,2,,,,,,,68,5,"['I', 'II', 'IIF', 'III', 'IV']",,Cohen_weighted,weighted_unspecified,0.624,,,,,,,,,,0,,weight_not_specified,MRI,,v2019,v2019,pairwise,modality;version,Tse_2021_b_c1,weight_not_specified;overlap:tse_group;no_ci,inter-reader,30.32,0,,reported_overall_available,,,unclear,retrospective,North_America
C491,Tse_2021_b,inter-reader,MRI,,v2019,,2,,,,,,,68,5,"['I', 'II', 'IIF', 'III', 'IV']",,Cohen_weighted,weighted_unspecified,0.715,,,,,,,,,,0,,weight_not_specified,MRI,,v2019,v2019,pairwise,modality;version,Tse_2021_b_c1,weight_not_specified;overlap:tse_group;no_ci,inter-reader,30.32,0,,reported_overall_available,,,unclear,retrospective,North_America
C492,Tse_2021_b,inter-reader,CT,,original,,2,,,,,,,68,5,,,Cohen_weighted,weighted_unspecified,0.701,,,,,,,,,,0,,weight_not_specified,CT,,original,original,pairwise,modality;version,Tse_2021_b_c1,weight_not_specified;overlap:tse_group;no_ci,inter-reader,30.32,0,,reported_overall_available,,,unclear,retrospective,North_America
C493,Tse_2021_b,inter-reader,CT,,original,,2,,,,,,,68,5,,,Cohen_weighted,weighted_unspecified,0.749,,,,,,,,,,0,,weight_not_specified,CT,,original,original,pairwise,modality;version,Tse_2021_b_c1,weight_not_specified;overlap:tse_group;no_ci,inter-reader,30.32,0,,reported_overall_available,,,unclear,retrospective,North_America
C494,Tse_2021_b,inter-reader,CT,,original,,2,,,,,,,68,5,,,Cohen_weighted,weighted_unspecified,0.672,,,,,,,,,,0,,weight_not_specified,CT,,original,original,pairwise,modality;version,Tse_2021_b_c1,weight_not_specified;overlap:tse_group;no_ci,inter-reader,30.32,0,,reported_overall_available,,,unclear,retrospective,North_America
C495,Tse_2021_b,inter-reader,MRI,,original,,2,,,,,,,68,5,,,Cohen_weighted,weighted_unspecified,0.673,,,,,,,,,,0,,weight_not_specified,MRI,,original,original,pairwise,modality;version,Tse_2021_b_c1,weight_not_specified;overlap:tse_group;no_ci,inter-reader,30.32,0,,reported_overall_available,,,unclear,retrospective,North_America
C496,Tse_2021_b,inter-reader,MRI,,original,,2,,,,,,,68,5,,,Cohen_weighted,weighted_unspecified,0.598,,,,,,,,,,0,,weight_not_specified,MRI,,original,original,pairwise,modality;version,Tse_2021_b_c1,weight_not_specified;overlap:tse_group;no_ci,inter-reader,30.32,0,,reported_overall_available,,,unclear,retrospective,North_America
C497,Tse_2021_b,inter-reader,MRI,,original,,2,,,,,,,68,5,,,Cohen_weighted,weighted_unspecified,0.599,,,,,,,,,,0,,weight_not_specified,MRI,,original,original,pairwise,modality;version,Tse_2021_b_c1,weight_not_specified;overlap:tse_group;no_ci,inter-reader,30.32,0,,reported_overall_available,,,unclear,retrospective,North_America
C498,Kang_2024,inter-reader,CT,,,,2,,,,,,,48,5,"I,II,IIF,III,IV",,Cohen,weighted,0.637,,,,,,,,,,0,duplicate,,,,NA,NA,,,,,,,,,,,,unclear,retrospective,Asia
C499,Kang_2025,inter-reader,MRI,,,,6,,,,,,,,5,"I,II,IIF,III,IV",,Fleiss,unweighted,0.39,,0.35,0.43,,,,,,,0,erroneous_entry,,,,NA,NA,,,,,,,,,,,,unclear,retrospective,Asia
C500,Kang_2025,inter-reader,MRI,,,,6,,,,,,,,5,"I,II,IIF,III,IV",,Fleiss,unweighted,0.48,,0.44,0.52,,,,,,,0,erroneous_entry,,,,NA,NA,,,,,,,,,,,,unclear,retrospective,Asia
C501,Kang_2025,inter-reader,MRI,,,,3,,,,,,,,5,"I,II,IIF,III,IV",,Fleiss,unweighted,0.49,,0.44,0.55,,,,,,,0,erroneous_entry,,,,NA,NA,,,,,,,,,,,,unclear,retrospective,Asia
C502,Kang_2025,inter-reader,MRI,,,,3,,,,,,,,5,"I,II,IIF,III,IV",,Fleiss,unweighted,0.56,,0.5,0.62,,,,,,,0,erroneous_entry,,,,NA,NA,,,,,,,,,,,,unclear,retrospective,Asia
C503,Kang_2025,inter-reader,MRI,,,,3,,,,,,,,5,"I,II,IIF,III,IV",,Fleiss,unweighted,0.32,,0.26,0.38,,,,,,,0,erroneous_entry,,,,NA,NA,,,,,,,,,,,,unclear,retrospective,Asia
C504,Kang_2025,inter-reader,MRI,,,,3,,,,,,,,5,"I,II,IIF,III,IV",,Fleiss,unweighted,0.43,,0.37,0.49,,,,,,,0,erroneous_entry,,,,NA,NA,,,,,,,,,,,,unclear,retrospective,Asia
C505,Spyridon_2018,inter-modality,CEUS,CT,,,1,,,,,,,,,,,Cohen,unweighted,,,,,,,,,,,0,duplicate,,,,NA,NA,,,,,,,,,,,,unclear,retrospective,
C506,Spyridon_2018,inter-modality,MRI,CT,,,1,,,,,,,,,,,Cohen,unweighted,,,,,,,,,,,0,duplicate,,,,NA,NA,,,,,,,,,,,,unclear,retrospective,
C507,Alvarez_2013,inter-modality,CEUS,CT,,,1,,,,,,,28,3,,,Cohen_unweighted,unweighted,0.556,,0.306,0.806,,,,,,,1,duplicate,,CEUS,CT,unspecified,unspecified,single,none,Alvarez_2013_c1,small_sample,inter-modality,4.72,0,sole_estimate,duplicate_of_Sanz_2016,,,unclear,retrospective,
C508,He_2026,inter-modality,US,CT/MRI,,,1,,,,,,,,,,,Cohen,unweighted,0.75,,,,,,,,,,0,duplicate,,,,NA,NA,,,,,,,,,,,,unclear,retrospective,Asia
C509,He_2026,inter-reader,US,,,,2,,,,,,,,,,,Cohen,unweighted,0.88,,,,,,,,,,0,duplicate,,,,NA,NA,,,,,,,,,,,,unclear,retrospective,Asia
C510,He_2026,inter-reader,US,,,,2,,,,,,,,,,,Cohen,unweighted,0.66,,,,,,,,,,0,duplicate,,,,NA,NA,,,,,,,,,,,,unclear,retrospective,Asia
C511,Ragel_2016,inter-reader,CEUS,,,,2,,9 years,,6 years,,,51,5,"I,II,IIF,III,IV",,Cohen_linear,unweighted,0.1983,,,,0.3922,,,,,,1,,derived_from_table,CEUS,,unspecified,original,single_pair,modality;version,Ragel_2016_c1,derived_from_table;no_ci,inter-reader,10.49,0,,lower_priority,7.5,,unclear,prospective,Europe
C512,Münch_2024,inter-reader,CEUS,CEUS,EFSUMB 2020,EFSUMB 2020,2,,,,,,,168,5,,,Cohen_weighted,quadratic,0.93,,0.89,0.97,,,,,,,1,,,CEUS,CEUS,EFSUMB,EFSUMB,vs_reference,reader_pair,Münch_2024_c2,,inter-reader,38.32,0,,less_preferred_structure:vs_reference;lower_priority,,,unclear,retrospective,Europe
C513,Münch_2024,inter-reader,CEUS,CEUS,EFSUMB 2020,EFSUMB 2020,2,,,,,,,168,5,,,Cohen_weighted,quadratic,0.95,,0.93,0.98,,,,,,,1,,,CEUS,CEUS,EFSUMB,EFSUMB,vs_reference,reader_pair,Münch_2024_c2,,inter-reader,38.32,0,,less_preferred_structure:vs_reference;lower_priority,,,unclear,retrospective,Europe
C514,Münch_2024,inter-reader,CEUS,CEUS,EFSUMB 2020,EFSUMB 2020,2,,,,,,,168,5,,,Cohen_weighted,quadratic,0.62,,0.52,0.73,,,,,,,1,,,CEUS,CEUS,EFSUMB,EFSUMB,vs_reference,reader_pair,Münch_2024_c2,,inter-reader,38.32,0,,less_preferred_structure:vs_reference;lower_priority,,,unclear,retrospective,Europe
C515,Münch_2024,inter-reader,CEUS,CEUS,EFSUMB 2020,EFSUMB 2020,2,,,,,,,168,5,,,Cohen_weighted,quadratic,0.59,,0.49,0.7,,,,,,,1,,,CEUS,CEUS,EFSUMB,EFSUMB,vs_reference,reader_pair,Münch_2024_c2,,inter-reader,38.32,0,,less_preferred_structure:vs_reference;lower_priority,,,unclear,retrospective,Europe
C516,Münch_2024,inter-reader,CEUS,CEUS,EFSUMB 2020,EFSUMB 2020,2,,,,,,,168,5,,,Cohen_weighted,quadratic,0.61,,0.52,0.7,,,,,,,1,,,CEUS,CEUS,EFSUMB,EFSUMB,vs_reference,reader_pair,Münch_2024_c2,,inter-reader,38.32,0,,less_preferred_structure:vs_reference;lower_priority,,,unclear,retrospective,Europe
C517,Münch_2024,inter-reader,CEUS,CEUS,EFSUMB 2020,EFSUMB 2020,2,,,,,,,168,5,,,Cohen_weighted,quadratic,0.62,,0.52,0.73,,,,,,,1,,,CEUS,CEUS,EFSUMB,EFSUMB,vs_reference,reader_pair,Münch_2024_c2,,inter-reader,38.32,0,,less_preferred_structure:vs_reference;lower_priority,,,unclear,retrospective,Europe
C518,Pitra_2018,inter-modality,CT,MRI,,,2,,,,,,,29,4,,,Cohen_unweighted,unweighted,0.0206,,,,0.3793,,,,,,1,,derived_from_table,CT,MRI,original,original,single,reader_pair,Pitra_2018_c1,derived_from_table;no_ci;small_sample,inter-modality,5.71,1,single_direct,,,,unclear,retrospective,Europe
C519,Pitra_2018,inter-modality,CT,MRI,,,2,,,,,,,29,4,,,Cohen_unweighted,unweighted,0.3158,,,,0.5517,,,,,,1,,derived_from_table,CT,MRI,original,original,single,reader_pair,Pitra_2018_c1,derived_from_table;no_ci;small_sample,inter-modality,5.71,0,,duplicate_within_study,,,unclear,retrospective,Europe
C520,Dana_2023,inter-reader,CT,CT,v2005,v2005,2,,,,,,,149,2,,,Light,unweighted,0.76,,0.63,0.87,0.906,,,,,,0,supplementary_collapsed,,CT,CT,original,original,single_pair,version;n_categories;n_readers,Dana_2023_c1,,inter-reader,8.51,0,,less_preferred_structure:single_pair;lower_priority,,,unclear,retrospective,North_America
C521,Dana_2023,inter-reader,CT,CT,v2019,v2019,2,,,,,,,149,2,,,Light,unweighted,0.66,,0.52,0.79,0.872,,,,,,0,supplementary_collapsed,,CT,CT,v2019,v2019,single_pair,version;n_categories;n_readers,Dana_2023_c1,,inter-reader,8.51,0,,less_preferred_structure:single_pair;lower_priority,,,unclear,retrospective,North_America
C522,Dana_2023,inter-reader,CT,CT,v2005,v2005,5,,,,,,,149,2,,,Light,unweighted,0.79,,0.71,0.86,0.839,,,,,,0,supplementary_collapsed,,CT,CT,original,original,pooled,version;n_categories;n_readers,Dana_2023_c1,,inter-reader,-1.49,0,,duplicate_within_study,,,unclear,retrospective,North_America
C523,Dana_2023,inter-reader,CT,CT,v2019,v2019,5,,,,,,,149,2,,,Light,unweighted,0.7,,0.61,0.78,0.738,,,,,,0,supplementary_collapsed,,CT,CT,v2019,v2019,pooled,version;n_categories;n_readers,Dana_2023_c1,,inter-reader,-1.49,0,,duplicate_within_study,,,unclear,retrospective,North_America
C524,Bai_2022,intra-reader,MRI,,2019,,4,,senior (>=10yr),,,,,207,5,"I, II, IIF, III, IV",,ICC,not_applicable,,,0.824,0.88,,,,0.853,test-retest ICC,,0,,,MRI,,v2019,v2019,subgroup,,Bai_2022_c1,,intra-reader,,,,,10.0,,unclear,,
C525,Bai_2022,intra-reader,MRI,,2019,,4,,junior (<10yr),,,,,207,5,"I, II, IIF, III, IV",,ICC,not_applicable,,,0.811,0.871,,,,0.843,test-retest ICC,,0,,,MRI,,v2019,v2019,subgroup,,Bai_2022_c1,,intra-reader,,,,,10.0,,unclear,,
C526,Bai_2022,intra-reader,MRI,,2019,,8,,senior and junior,,,,,111,5,"I, II, IIF, III, IV",,ICC,not_applicable,,,0.757,0.878,,,,0.827,test-retest ICC,,0,,,MRI,,v2019,v2019,subgroup,,Bai_2022_c1,approx_ci,intra-reader,,,,,,,unclear,,
C527,Bai_2022,intra-reader,MRI,,2019,,8,,senior and junior,,,,,96,5,"I, II, IIF, III, IV",,ICC,not_applicable,,,0.522,0.755,,,,0.654,test-retest ICC,,0,,,MRI,,v2019,v2019,subgroup,,Bai_2022_c1,approx_ci,intra-reader,,,,,,,unclear,,
C528,Bai_2022,intra-reader,MRI,,2019,,8,,senior and junior,,,,,87,5,"I, II, IIF, III, IV",,ICC,not_applicable,,,0.668,0.844,,,,0.77,test-retest ICC,,0,,,MRI,,v2019,v2019,subgroup,,Bai_2022_c1,approx_ci,intra-reader,,,,,,,unclear,,
C529,Bai_2022,intra-reader,MRI,,2019,,8,,senior and junior,,,,,120,5,"I, II, IIF, III, IV",,ICC,not_applicable,,,0.827,0.912,,,,0.876,test-retest ICC,,0,,,MRI,,v2019,v2019,subgroup,,Bai_2022_c1,approx_ci,intra-reader,,,,,,,unclear,,
C530,Ascenti_2007,inter-modality,CEUS,CT,2005,2005,3,abdominal radiologists,"15, 25, 10 years",,,yes,independent,44,2,surgical vs nonsurgical,II+IIF vs III+IV,Cohen_unweighted,unweighted,1,,,,1,,,,,,0,supplementary_collapsed,cohen_multi_reader,CEUS,CT,unspecified,original,single,collapsing_scheme,Ascenti_2007_c1,cohen_multi_reader;extreme_value;no_ci,inter-modality,,,,,16.67,subspecialty,blinded,prospective,Europe
C531,Bielsa_Gali_1999,inter-modality,US,CT,original,original,,not specified,,,,not reported,not reported,20,5,"I, II, IIF, III, IV",,Cohen_unweighted,unweighted,0.359,,0.048,0.639,0.55,,,,,,1,,derived_from_table,US,CT,unspecified,original,single,none,Bielsa_Gali_1999_c1,no_ci;small_sample;derived_from_table,inter-modality,4.45,1,sole_estimate,,,,unclear,retrospective,Europe
C600,Clevert_2008,inter-modality,CT,CEUS,original,original (adapted for US),1,['radiology'],experienced radiologists,,,blinded readers,independent,37,4,"['II', 'IIF', 'III', 'IV']",,Cohen_unweighted,linear,0.7676,,,,0.8108108108108109,,,,,,1,at_derived_lw_sensitivity,derived_from_table_linear_weighted,CT,CEUS,original,modified,single,none,Clevert_2008_c1,no_ci,inter-modality,4.63,0,sole_estimate,,,general,blinded,retrospective,Europe
C601,Foukal_2014,inter-modality,CEUS,CT,Ascenti modification (CEUS),original 2005 (CT),1,,,,,,,112,6,"['I', 'II', 'IIF', 'III', 'IV', 'solid']",,Cohen_unweighted,linear,0.5215,,,,0.61,,,,,,1,at_derived_lw_sensitivity,derived_from_table_linear_weighted,CEUS,CT,modified,original,single,n_categories,Foukal_2014_c1,derived_from_table;no_ci,inter-modality,4.88,0,single_direct,,,,unclear,retrospective,Europe
C602,Foukal_2014,inter-modality,CEUS,CT,Ascenti modification (CEUS),original 2005 (CT),1,,,,,,,112,2,"['non-surgical (I+II+IIF)', 'surgical (III+IV+solid)']",binary: non-surgical vs surgical,Cohen_unweighted,linear,0.6303,,,,0.9,,,,,,1,at_derived_lw_sensitivity,derived_from_table_linear_weighted,CEUS,CT,modified,original,single,n_categories,Foukal_2014_c1,derived_from_table;no_ci,inter-modality,4.88,0,,duplicate_within_study,,,unclear,retrospective,Europe
C603,Israel_2004,inter-modality,CT,MRI,2005 (with IIF),2005 (with IIF),2,['radiology'],8 and 25 years,,,"Not blinded (CT reviewed first, then MRI immediately after)",consensus reading,69,5,"['I', 'II', 'IIF', 'III', 'IV']",,Cohen_unweighted,linear,0.9354,,,,0.8986,,,,,,1,at_derived_lw_sensitivity,derived_from_table_linear_weighted,CT,MRI,original,original,single,none,Israel_2004_c1,derived_from_table;no_ci,inter-modality,5.31,0,sole_estimate,,16.5,general,unblinded,retrospective,North_America
C604,Ragel_2016,inter-modality,CECT,CEUS,Bosniak,Bosniak,1,radiologist,6 years,,,blinded,independent,51,5,"I, II, IIF, III, IV",,Cohen_linear,linear,0.2392,,,,0.3333,,,,,,1,at_derived_lw_sensitivity,derived_from_table_linear_weighted,CT,CEUS,original,unspecified,single,reader_pair,Ragel_2016_c1,derived_from_table;no_ci,inter-modality,5.49,0,,lower_priority,6.0,general,blinded,prospective,Europe
C605,Zhong_2017,inter-modality,CT,MRI,1986,1986,2,"['radiology (senior)', 'radiology (senior)']",22 years,,25 years,blinded to previous imaging reports and pathological results,consensus,35,4,"['II', 'IIF', 'III', 'IV']",,Cohen_unweighted,linear,0.7639,,,,0.77,,,,,,1,at_derived_lw_sensitivity,derived_from_table_linear_weighted,CT,MRI,original,original,single,none,Zhong_2017_c1,derived_from_table;no_ci,inter-modality,5.65,0,sole_estimate,,23.5,general,blinded,retrospective,Asia
C606,Oon_2018,inter-modality,CT (or MRI),CEUS,,,1,,,,,,,21,4,"['II', 'IIF', 'III', 'IV']",,Cohen_unweighted,linear,0.4522,,,,0.5238,,,,,,1,at_derived_lw_sensitivity,derived_from_table_linear_weighted,CT_MRI,CEUS,original,modified,single,none,Oon2018_c1,derived_from_table;no_ci;small_sample,inter-modality,5.79,0,sole_estimate,,,,unclear,retrospective,Europe
C607,Reizine_2024,inter-modality,rsDECT,MRI,v2019,v2019,1,Radiologist (abdominal imaging),"5 years (consensus, both readers)",,,,,127,6,"['1', '2', '2F', '3', '4', 'Solid']",,Cohen_unweighted,linear,0.8678,,,,0.8504,,,,,,1,at_derived_lw_sensitivity,derived_from_table_linear_weighted,DECT,MRI,v2019,v2019,single,none,Reizine2024_c1,no_ci,inter-modality,3.73,0,sole_estimate,,5.0,subspecialty,unclear,retrospective,Europe
C608,Ignee_2010,inter-modality,CECT,CEUS,,,1,,,,,,,10,3,"['II', 'III', 'IV']",,Cohen_unweighted,linear,0.2308,,,,0.5,,,,,,1,at_derived_lw_sensitivity,derived_from_table_linear_weighted,CT,CEUS,original,modified,single,none,Ignee2010_c1,small_sample;derived_from_table;no_ci,inter-modality,5.9,0,sole_estimate,,,,unclear,prospective,Europe
C609,Park_2007,inter-modality,CT,CEUS,,,2,Radiologist (cross-sectional imaging),15 years,Radiologist (cross-sectional imaging),20 years,,,31,5,"I, II, IIF, III, IV",,Cohen_unweighted,linear,0.3691,,,,0.742,,,,,,1,at_derived_lw_sensitivity,derived_from_table_linear_weighted,CT,CEUS,original,unspecified,single,none,Park_2007_c1,derived_from_table;no_ci,inter-modality,5.69,0,sole_estimate,,17.5,general,unclear,retrospective,Asia
C610,Chandrasekar_2023,inter-version,CT/MRI,,P2019B (pre-2019),B2019 (v2019),1,radiology,,,,,,20,3,"IIF, III, IV",,Cohen_unweighted,linear,0.7674,,,,0.9,,,,,,1,at_derived_lw_sensitivity,derived_from_table_linear_weighted,CT_MRI,,original,v2019,single,none,Chandrasekar_2023_c1,derived_from_table;no_ci;small_sample,inter-version,5.8,0,sole_estimate,,,general,unclear,prospective,North_America
C611,Gomma_2023,inter-version,MRI (3T),,Original (v2005),v2019,2,,,,,,,84,4,"II, IIF, III, IV",,Cohen_unweighted,linear,0.7855,,,,0.7976,,,,,,1,at_derived_lw_sensitivity,derived_from_table_linear_weighted,MRI,,original,v2019,single,none,Gomma_2023_c1,derived_from_table;no_ci,inter-version,5.16,0,sole_estimate,,,,unclear,prospective,Other
C612,Rocca_2016,inter-modality,CEUS,CECT,,,2,,,,,,,42,4,"II, IIF, III, IV",,Cohen_unweighted,linear,0.8002,,,,0.7381,,,,,,1,at_derived_lw_sensitivity,derived_from_table_linear_weighted,CEUS,CT,unspecified,unspecified,single,none,Rocca_2016_c1,derived_from_table;no_ci,inter-modality,5.58,0,sole_estimate,,,,unclear,,
C613,Walmer_2023,inter-reader,CEUS (flash replenishment),,,,2,radiologists,0.25-3 years CEUS experience,,,,,63,3,Malignant/Indeterminate/Benign (collapsed Bosniak III-IV/IIF/I-II),,Cohen_unweighted,linear,0.7190,,,,,,,,,,1,at_derived_lw_sensitivity,derived_from_table_linear_weighted,CEUS,,modified,modified,pairwise,reader_pair,Walmer_2023_c1,no_ci,inter-reader,29.37,0,reported_overall_restored:0.587,,1.62,general,unclear,,North_America
C614,Walmer_2023,inter-reader,CEUS (flash replenishment),,,,2,radiologists,0.25-3 years CEUS experience,,,,,63,3,Malignant/Indeterminate/Benign (collapsed Bosniak III-IV/IIF/I-II),,Cohen_unweighted,linear,0.6391,,,,,,,,,,1,at_derived_lw_sensitivity,derived_from_table_linear_weighted,CEUS,,modified,modified,pairwise,reader_pair,Walmer_2023_c1,no_ci,inter-reader,29.37,0,,reported_overall_available,1.62,general,unclear,,North_America
C615,Walmer_2023,inter-reader,CEUS (flash replenishment),,,,2,radiologists,0.25-3 years CEUS experience,,,,,63,3,Malignant/Indeterminate/Benign (collapsed Bosniak III-IV/IIF/I-II),,Cohen_unweighted,linear,0.6486,,,,,,,,,,1,at_derived_lw_sensitivity,derived_from_table_linear_weighted,CEUS,,modified,modified,pairwise,reader_pair,Walmer_2023_c1,no_ci,inter-reader,29.37,0,,reported_overall_available,1.62,general,unclear,,North_America
C616,Walmer_2023,inter-reader,CEUS (flash replenishment),,,,2,radiologists,0.25-3 years CEUS experience,,,,,63,3,Malignant/Indeterminate/Benign (collapsed Bosniak III-IV/IIF/I-II),,Cohen_unweighted,linear,0.6866,,,,,,,,,,1,at_derived_lw_sensitivity,derived_from_table_linear_weighted,CEUS,,modified,modified,pairwise,reader_pair,Walmer_2023_c1,no_ci,inter-reader,29.37,0,,reported_overall_available,1.62,general,unclear,,North_America
C617,Walmer_2023,inter-reader,CEUS (flash replenishment),,,,2,radiologists,0.25-3 years CEUS experience,,,,,63,3,Malignant/Indeterminate/Benign (collapsed Bosniak III-IV/IIF/I-II),,Cohen_unweighted,linear,0.7328,,,,,,,,,,1,at_derived_lw_sensitivity,derived_from_table_linear_weighted,CEUS,,modified,modified,pairwise,reader_pair,Walmer_2023_c1,no_ci,inter-reader,29.37,0,,reported_overall_available,1.62,general,unclear,,North_America
C618,Walmer_2023,inter-reader,CEUS (flash replenishment),,,,2,radiologists,0.25-3 years CEUS experience,,,,,63,3,Malignant/Indeterminate/Benign (collapsed Bosniak III-IV/IIF/I-II),,Cohen_unweighted,linear,0.6530,,,,,,,,,,1,at_derived_lw_sensitivity,derived_from_table_linear_weighted,CEUS,,modified,modified,pairwise,reader_pair,Walmer_2023_c1,no_ci,inter-reader,29.37,0,,reported_overall_available,1.62,general,unclear,,North_America
C619,Ferreira_2016,inter-modality,CT,MRI,2005,original,2,,,,,,,42,5,"I, II, IIF, III, IV",,Cohen_unweighted,linear,0.6785,,,,0.5952,,,,,,1,at_derived_lw_sensitivity,derived_from_table_linear_weighted,CT,MRI,original,original,single,none,Ferreira_2016_c1,derived_from_table;no_ci,inter-modality,5.58,0,sole_estimate,,,,unclear,retrospective,Other
C620,Rosenkrantz_2014,inter-modality,MRI 1.5T,MRI 3.0T,Bosniak original,,1,fellowship-trained abdominal radiologists,5 years,,,blinded to field strength/clinical details; randomized,independent retrospective,33,5,"I, II, IIF, III, IV",ranked 1-5,Cohen_linear,linear,0.5608,,,,0.6061,,,,,,1,at_derived_lw_sensitivity,derived_from_table_linear_weighted,MRI,MRI,original,original,single,reader_pair,Rosenkrantz_2014_c1,derived_from_table;no_ci,inter-modality,5.67,0,single_direct,,5.0,mixed,blinded,retrospective,North_America
C621,Rosenkrantz_2014,inter-modality,MRI 1.5T,MRI 3.0T,Bosniak original,,1,fellowship-trained abdominal radiologists,1 year,,,blinded to field strength/clinical details; randomized,independent retrospective,33,5,"I, II, IIF, III, IV",ranked 1-5,Cohen_linear,linear,0.8354,,,,0.8788,,,,,,1,at_derived_lw_sensitivity,derived_from_table_linear_weighted,MRI,MRI,original,original,single,reader_pair,Rosenkrantz_2014_c1,derived_from_table;no_ci,inter-modality,5.67,0,,duplicate_within_study,1.0,mixed,blinded,retrospective,North_America
C622,Ragel_2016,inter-reader,CEUS,,,,2,,9 years,,6 years,,,51,5,"I,II,IIF,III,IV",,Cohen_linear,linear,0.3031,,,,0.3922,,,,,,1,at_derived_lw_sensitivity,derived_from_table_linear_weighted,CEUS,,unspecified,original,single_pair,modality;version,Ragel_2016_c1,derived_from_table;no_ci,inter-reader,10.49,0,,lower_priority,7.5,,unclear,prospective,Europe
C623,Pitra_2018,inter-modality,CT,MRI,,,2,,,,,,,29,4,,,Cohen_unweighted,linear,0.0000,,,,0.3793,,,,,,1,at_derived_lw_sensitivity,derived_from_table_linear_weighted,CT,MRI,original,original,single,reader_pair,Pitra_2018_c1,derived_from_table;no_ci;small_sample,inter-modality,5.71,0,single_direct,,,,unclear,retrospective,Europe
C624,Pitra_2018,inter-modality,CT,MRI,,,2,,,,,,,29,4,,,Cohen_unweighted,linear,0.4082,,,,0.5517,,,,,,1,at_derived_lw_sensitivity,derived_from_table_linear_weighted,CT,MRI,original,original,single,reader_pair,Pitra_2018_c1,derived_from_table;no_ci;small_sample,inter-modality,5.71,0,,duplicate_within_study,,,unclear,retrospective,Europe
C625,Bielsa_Gali_1999,inter-modality,US,CT,original,original,,not specified,,,,not reported,not reported,20,5,"I, II, IIF, III, IV",,Cohen_unweighted,linear,0.5436,,,,0.55,,,,,,1,at_derived_lw_sensitivity,derived_from_table_linear_weighted,US,CT,unspecified,original,single,none,Bielsa_Gali_1999_c1,no_ci;small_sample;derived_from_table,inter-modality,4.45,0,sole_estimate,,,,unclear,retrospective,Europe
